9508,0.534094,1.28526
9512,-0.424637,1.18032
9515,-0.561257,1.31501
9517,-0.821932,1.67557
9519,-0.57921,1.33548
9520,0.284302,1.08083
9524,-0.183142,1.03354
9525,-0.557067,1.31032
9526,-0.944521,1.89212
9527,-0.0739514,1.00547
9528,0.184537,1.03405
9529,-1.24293,2.54488
9531,-0.310621,1.09649
9532,0.0202754,1.00041
9533,-1.093,2.19464
9534,0.236832,1.05609
9535,0.4463,1.19918
9536,-0.212956,1.04535
9537,-1.08215,2.17105
9538,-1.01454,2.0293
9539,0.0353226,1.00125
9540,-0.253248,1.06413
9541,-0.750924,1.56389
9542,-0.454801,1.20684
9544,0.0670443,1.00449
9545,0.0391516,1.00153
9546,-0.557056,1.31031
9547,0.53163,1.28263
9548,0.499407,1.24941
9549,0.167666,1.02811
9550,-0.48178,1.23211
9551,0.358007,1.12817
9552,-0.659877,1.43544
9553,0.308587,1.09523
9554,-0.252813,1.06391
9555,0.399576,1.15966
9556,-0.012156,1.00015
9558,-0.837038,1.70063
9559,0.0289493,1.00084
9560,0.308914,1.09543
9561,0.449979,1.20248
9563,-0.667021,1.44492
9564,-0.134023,1.01796
9565,-0.813122,1.66117
9566,-0.11744,1.01379
9567,-0.514982,1.26521
9568,0.522568,1.27308
9569,-0.623306,1.38851
9571,0.149204,1.02226
9572,0.935101,1.87441
9573,0,1
9574,0.107242,1.0115
9575,1.19549,2.42919
9576,-1.04128,2.08426
9577,-0.452554,1.20481
9578,-1.48349,3.20073
9579,-0.144121,1.02077
9580,0.540417,1.29205
9581,-0.308893,1.09541
9583,-0.420875,1.17714
9584,-0.656144,1.43052
9585,0.126623,1.01603
9586,-0.74098,1.54905
9587,-1.28437,2.64959
9588,-1.46041,3.13278
9589,-1.894,4.58722
9590,-0.215348,1.04637
9591,-0.0515724,1.00266
9592,0.0825769,1.00682
9593,-0.430683,1.18549
9594,-1.44866,3.09861
9595,0.0485318,1.00236
9596,0.246732,1.06088
9597,-0.559968,1.31356
9598,-1.67359,3.8009
9599,-0.749063,1.5611
9600,0.242958,1.05903
9601,-0.22731,1.05167
9602,-0.959133,1.91994
9603,0.284334,1.08085
9604,-0.365008,1.13323
9605,0.352028,1.12392
9606,0.113238,1.01282
9607,-0.38382,1.14732
9608,-0.1234,1.01523
9609,-0.215841,1.04659
9610,-1.31214,2.72171
9611,-0.616527,1.38011
9612,-0.465733,1.21691
9613,0.159279,1.02537
9614,-1.12552,2.2668
9615,-1.35175,2.82723
9616,0.162735,1.02648
9617,-0.716942,1.51401
9618,0.442228,1.19557
9619,0.359487,1.12923
9620,-1.22934,2.51127
9621,-0.0150307,1.00023
9622,-0.473158,1.22388
9623,0.358498,1.12852
9624,-1.79669,4.22809
9625,-0.405221,1.1642
9626,-0.0595737,1.00355
9627,-0.352561,1.1243
9628,0.22728,1.05166
9629,-0.412127,1.16985
9630,-0.433352,1.18779
9631,0,1
9632,0.621535,1.38631
9633,0.626052,1.39194
9634,-0.135106,1.01825
9635,-0.529321,1.28018
9636,-0.491714,1.24178
9637,0,1
9638,0.552822,1.30561
9639,0.138883,1.01929
9640,-0.481177,1.23153
9641,-0.977703,1.9559
9642,-0.439291,1.19298
9643,0.463813,1.21512
9644,-0.750499,1.56325
9645,0.393943,1.15519
9646,-0.128775,1.01658
9647,0.289431,1.08377
9648,-1.60712,3.58284
9649,-0.995955,1.99193
9650,0.705788,1.49814
9651,-0.0954429,1.00911
9652,0.365592,1.13366
9653,-0.368076,1.13548
9654,-1.0291,2.05904
9655,-0.439894,1.19351
9656,0.630947,1.39809
9657,-0.771088,1.59458
9658,0.0632926,1.00401
9659,-0.693915,1.48152
9660,-1.13524,2.28878
9661,0.272348,1.07417
9662,-0.407468,1.16603
9663,-0.0228346,1.00052
9664,-2.04999,5.20246
9665,0,1
9666,-0.144992,1.02102
9667,-0.304292,1.09259
9668,-0.811949,1.65926
9669,0.0441842,1.00195
9670,-0.69578,1.48411
9671,0.325245,1.10578
9672,0.473549,1.22425
9673,0.01776,1.00032
9674,-0.475873,1.22646
9675,-0.956247,1.91441
9676,0.201259,1.04051
9677,-0.147044,1.02162
9678,0.0817699,1.00669
9679,-0.835439,1.69796
9680,-0.664854,1.44203
9681,-0.160736,1.02584
9682,-1.35185,2.82751
9683,0.14114,1.01992
9684,0.505241,1.25527
9685,-0.146709,1.02152
9686,0.0197067,1.00039
9688,-0.0632243,1.004
9689,-1.05389,2.11068
9690,0.388828,1.15119
9691,-0.640041,1.40965
9692,-1.58775,3.52094
9693,-0.458591,1.21031
9694,0.0398332,1.00159
9695,-1.01114,2.02241
9696,-1.29085,2.6663
9697,-1.22078,2.49031
9698,-0.040211,1.00162
9699,0.404955,1.16399
9700,-0.848032,1.71916
9701,-0.138527,1.01919
9702,-1.33347,2.77815
9703,-0.00837048,1.00007
9704,-1.93956,4.76188
9705,-0.461851,1.21331
9706,-0.0572691,1.00328
9707,-0.180423,1.03255
9708,-0.723158,1.52296
9709,-0.81047,1.65686
9710,-0.271195,1.07355
9711,-0.380013,1.14441
9712,-0.318202,1.10125
9713,0.249292,1.06215
9714,-1.04347,2.08883
9715,-0.684021,1.46788
9716,-1.47739,3.18268
9717,0.24093,1.05805
9718,-0.688912,1.4746
9719,-0.791163,1.62594
9720,-0.365575,1.13364
9721,-0.275045,1.07565
9722,0.28739,1.08259
9723,-1.00455,2.00912
9724,-0.82693,1.68381
9725,-0.967498,1.93605
9726,-0.508253,1.25832
9727,-0.732692,1.53684
9728,0.0515515,1.00266
9729,0.0658196,1.00433
9730,-0.470015,1.22091
9731,-0.973897,1.94848
9732,-1.0071,2.01425
9733,-0.381937,1.14588
9735,0.0704761,1.00497
9736,-1.80031,4.2411
9737,0.486199,1.23639
9738,0.680064,1.46249
9739,0.283507,1.08038
9740,-0.387274,1.14998
9741,-0.952944,1.9081
9742,-0.441808,1.19519
9743,-0.252501,1.06376
9744,-1.67987,3.82198
9745,-0.0423625,1.00179
9746,0.360689,1.1301
9747,-0.177911,1.03165
9748,-0.391271,1.15309
9749,-1.58498,3.51216
9750,-0.890893,1.79369
9751,-1.33834,2.79114
9752,-0.0106775,1.00011
9753,-0.114727,1.01316
9754,-0.373164,1.13925
9755,0.517825,1.26814
9756,0.0659481,1.00435
9757,-1.29717,2.68264
9758,0.139174,1.01937
9759,-0.275737,1.07603
9760,-0.595335,1.35442
9761,-0.726318,1.52754
9762,-0.728746,1.53107
9763,-0.840973,1.70724
9764,-0.310913,1.09667
9765,-0.142625,1.02034
9766,-1.66889,3.78521
9767,-1.48862,3.216
9768,-0.565694,1.32001
9769,0.640026,1.40963
9770,0.329588,1.10863
9771,-0.64616,1.41752
9772,0.193929,1.03761
9773,-0.979016,1.95847
9774,-0.265034,1.07024
9775,-0.302712,1.09163
9776,-0.0803875,1.00646
9777,-0.501248,1.25125
9778,-1.44255,3.08094
9779,-0.904916,1.81887
9780,-0.36316,1.13189
9781,-1.1866,2.40802
9782,-0.703503,1.49492
9783,0.829092,1.68739
9784,0.0641342,1.00411
9785,0.272991,1.07452
9786,0.356874,1.12736
9787,-0.252373,1.06369
9788,0.349186,1.12193
9789,-0.154708,1.02393
9790,-0.88213,1.77815
9791,-0.135045,1.01824
9792,0.0200052,1.0004
9793,-0.564416,1.31857
9794,-0.343431,1.11795
9795,0.178951,1.03202
9796,-0.662526,1.43894
9797,-1.29345,2.67302
9798,-0.99591,1.99184
9799,-0.909108,1.82648
9800,-0.372737,1.13893
9801,-0.652253,1.42543
9802,0.225354,1.05078
9803,0.0180226,1.00032
9804,0.103285,1.01067
9805,-0.336376,1.11315
9806,-0.4458,1.19874
9807,0,1
9808,0,1
9809,-0.164875,1.02718
9810,-0.526802,1.27752
9811,-0.425592,1.18113
9812,-0.266116,1.07082
9813,0.354484,1.12566
9814,-1.37081,2.87913
9815,-0.336251,1.11307
9816,0.52146,1.27192
9817,-0.484758,1.23499
9818,-0.621678,1.38648
9819,0.692771,1.47993
9820,-0.553172,1.306
9821,0.421066,1.1773
9822,0.121382,1.01473
9823,0.216333,1.0468
9824,-0.223503,1.04995
9825,0.175751,1.03089
9826,-0.619693,1.38402
9827,-0.433166,1.18763
9828,-1.01893,2.03823
9829,0.691233,1.4778
9830,0.565544,1.31984
9831,0.451128,1.20352
9832,0.110597,1.01223
9833,-1.05,2.10251
9834,-0.135037,1.01824
9835,-1.05906,2.1216
9836,-0.673779,1.45398
9837,0.254228,1.06463
9838,-0.938998,1.88172
9839,-0.153539,1.02357
9840,-0.420847,1.17711
9841,0.96002,1.92164
9842,0.358861,1.12878
9843,-0.110627,1.01224
9844,0.263986,1.06969
9845,0.194152,1.03769
9846,0.249272,1.06214
9847,-1.10167,2.21367
9848,0.789367,1.6231
9849,-0.962587,1.92657
9850,-0.537348,1.28874
9851,-0.247068,1.06104
9852,-0.894425,1.8
9853,-0.421156,1.17737
9854,-1.06062,2.12492
9855,-0.0746542,1.00557
9856,0.327653,1.10736
9857,-0.057285,1.00328
9858,-0.758139,1.57478
9859,0.307008,1.09425
9860,-0.695762,1.48409
9861,-0.112526,1.01266
9862,-0.271919,1.07394
9863,0.236565,1.05596
9864,0.0923829,1.00853
9865,-1.17904,2.39013
9866,-0.419622,1.17608
9867,0.232951,1.05427
9868,-0.0101226,1.0001
9869,-0.241995,1.05856
9870,0.181533,1.03295
9871,0.103146,1.01064
9872,-0.191974,1.03685
9873,-0.263059,1.0692
9874,-0.359697,1.12938
9875,-0.138837,1.01928
9876,-0.281961,1.0795
9877,-1.21656,2.48003
9878,0.471131,1.22196
9879,0.154436,1.02385
9880,-0.360374,1.12987
9881,-0.319821,1.10229
9882,-1.06718,2.13888
9883,-0.152651,1.0233
9884,-0.303178,1.09192
9885,0.690873,1.47731
9886,0.259785,1.06749
9887,-0.436822,1.19081
9888,-0.782442,1.61222
9889,-0.318132,1.10121
9890,-0.0905247,1.00819
9891,-0.17186,1.02954
9892,-0.642443,1.41273
9893,-0.36718,1.13482
9894,-0.372844,1.13901
9895,0.310299,1.09629
9896,-1.45623,3.1206
9897,-0.128156,1.01642
9898,-0.348825,1.12168
9899,-0.0468183,1.00219
9900,-0.701638,1.4923
9901,-0.719331,1.51744
9902,0.0155966,1.00024
9903,-0.304047,1.09244
9904,-0.633417,1.40122
9905,-0.309391,1.09572
9906,-0.62156,1.38634
9907,0.0821309,1.00675
9908,-0.869325,1.75573
9909,-0.864756,1.7478
9910,0.12998,1.01689
9911,0.211328,1.04466
9912,0.0706465,1.00499
9913,-0.329839,1.10879
9914,-0.602788,1.36335
9915,-1.72038,3.9597
9916,-0.0417423,1.00174
9917,0,1
9918,0.302514,1.09151
9919,-1.1087,2.22921
9920,0.515782,1.26603
9921,0,1
9922,0,1
9923,-0.202281,1.04092
9924,-0.220189,1.04848
9925,0,1
9926,0.276117,1.07624
9927,-1.4465,3.09236
9928,0.0362218,1.00131
9929,-0.671746,1.45124
9930,-0.346422,1.12001
9931,-0.483383,1.23366
9932,-0.661256,1.43726
9933,-0.882662,1.77909
9934,0.0122689,1.00015
9935,-0.956703,1.91528
9936,-0.897888,1.8062
9937,-1.07266,2.15061
9938,-1.16957,2.36789
9939,-0.0327887,1.00108
9940,-1.03603,2.07336
9941,-1.39923,2.95784
9942,-1.07826,2.16264
9943,-0.186422,1.03475
9944,-0.435535,1.18969
9945,-0.489413,1.23953
9946,-0.93678,1.87756
9947,0.0732419,1.00536
9948,-0.538502,1.28998
9949,-1.17165,2.37277
9950,0.37935,1.14391
9951,-1.15652,2.33755
9952,-1.16324,2.35313
9953,0.151334,1.0229
9954,-0.994821,1.98967
9955,-0.678797,1.46076
9956,-0.532543,1.2836
9957,-0.984023,1.9683
9958,-0.895502,1.80192
9959,-1.4513,3.10627
9960,-0.916761,1.84045
9961,0.577685,1.33372
9962,0.217464,1.04729
9963,0.130806,1.01711
9964,-0.626723,1.39278
9965,-0.218014,1.04753
9966,-1.23672,2.52948
9967,-0.889235,1.79074
9968,0.525001,1.27563
9969,-1.03905,2.07963
9970,0.0716278,1.00513
9971,0.135456,1.01835
9972,-0.312975,1.09795
9973,-0.403953,1.16318
9974,-0.255099,1.06508
9975,-0.338653,1.11469
9976,-0.0514626,1.00265
9977,-1.00009,2.00017
9978,0.468653,1.21964
9979,0.487263,1.23743
9980,-0.308312,1.09506
9981,-0.721738,1.52091
9982,-1.36271,2.85698
9983,-0.212423,1.04512
9984,-0.927655,1.86054
9985,-0.82435,1.67955
9986,-0.798691,1.63791
9987,-0.18426,1.03395
9988,-0.789068,1.62263
9989,-0.359881,1.12951
9990,-0.300284,1.09017
9991,-0.540236,1.29185
9992,-1.80234,4.24842
9993,0.104519,1.01092
9994,-0.752299,1.56595
9995,-1.33322,2.77748
9996,0.223133,1.04979
9997,0.381282,1.14538
9998,-0.828242,1.68598
9999,-0.0546748,1.00299
10000,-1.00045,2.00089
10001,-0.746378,1.55708
10002,0.144529,1.02089
10003,-0.149342,1.0223
10004,-0.0070695,1.00005
10005,0.226971,1.05152
10006,-0.91882,1.84423
10007,-1.07261,2.1505
10008,-0.699641,1.4895
10009,-1.03751,2.07642
10010,-0.168906,1.02853
10011,-1.12498,2.26557
10012,-0.236865,1.0561
10013,-0.225778,1.05098
10014,0.18584,1.03454
10015,0.0539016,1.00291
10016,-0.29581,1.0875
10017,-0.104051,1.01083
10018,-0.32845,1.10788
10019,0.43637,1.19042
10020,-0.82404,1.67904
10021,-0.820885,1.67385
10022,-0.163472,1.02672
10023,0.140663,1.01979
10024,-1.62502,3.64069
10025,0.0698905,1.00488
10026,-0.599706,1.35965
10027,-1.09039,2.18895
10028,-0.00166335,1
10029,-0.0239799,1.00058
10030,0.339339,1.11515
10031,0.091503,1.00837
10032,-1.07393,2.15334
10033,-0.5095,1.25959
10034,-0.722744,1.52236
10035,-0.466122,1.21727
10036,-0.0485459,1.00236
10037,0.346236,1.11988
10038,-0.687954,1.47328
10039,-0.409585,1.16776
10040,-1.07728,2.16054
10041,-1.66508,3.77248
10042,-0.656822,1.43142
10043,-0.139776,1.01954
10044,0.0864976,1.00748
10045,0.182871,1.03344
10046,0.0192878,1.00037
10047,-0.23594,1.05567
10048,-0.924272,1.85428
10049,0.918768,1.84413
10050,-0.950651,1.90374
10051,0.417733,1.1745
10052,-0.144313,1.02083
10053,0.167266,1.02798
10054,-0.513641,1.26383
10055,-0.858669,1.73731
10056,0.258132,1.06663
10057,0.345583,1.11943
10058,-0.393803,1.15508
10059,-0.468331,1.21933
10060,0.277208,1.07684
10061,0.147525,1.02176
10062,-1.35319,2.83111
10063,0.679012,1.46106
10064,-0.915841,1.83876
10065,-0.182457,1.03329
10066,-0.921096,1.84842
10067,-0.922138,1.85034
10068,-1.68725,3.84681
10069,-0.788027,1.62099
10070,-1.00555,2.01113
10071,0.31542,1.09949
10072,-0.558523,1.31195
10073,0.123078,1.01515
10074,-0.382686,1.14645
10075,0.282995,1.08009
10076,-0.767199,1.5886
10077,0.352828,1.12449
10078,0.66813,1.4464
10079,1.87825,4.52783
10080,-0.955328,1.91265
10081,-0.295164,1.08712
10082,-0.23615,1.05577
10083,0.0323964,1.00105
10084,0.28472,1.08107
10085,-0.261773,1.06853
10086,-1.25437,2.57344
10087,-0.43912,1.19283
10088,-0.571308,1.32639
10089,0.0559614,1.00313
10090,0.303966,1.0924
10091,-0.631695,1.39904
10092,-0.268532,1.07211
10093,0.0675075,1.00456
10094,0.808555,1.65376
10095,0.0480252,1.00231
10096,-0.0479818,1.0023
10097,-0.707189,1.50012
10098,0.0491844,1.00242
10099,-0.772348,1.59652
10100,1.34251,2.80234
10101,-1.04999,2.10248
10102,-0.352885,1.12453
10103,0.569831,1.32471
10104,-0.272592,1.07431
10105,0.283208,1.08021
10106,0.308133,1.09495
10107,-0.659302,1.43468
10108,-0.443757,1.19692
10109,-0.096301,1.00927
10110,0.18604,1.03461
10111,0.437713,1.19159
10112,0.318116,1.1012
10113,-1.51523,3.29591
10114,0.00874432,1.00008
10115,0.754749,1.56965
10116,0.24641,1.06072
10117,0.276487,1.07644
10118,0.143409,1.02057
10119,0.0374662,1.0014
10120,0.596715,1.35607
10121,0.558103,1.31148
10122,-0.566796,1.32126
10123,-0.0499898,1.0025
10124,0.613716,1.37665
10125,-0.557727,1.31106
10126,0,1
10127,-0.273308,1.0747
10128,-1.37174,2.88166
10129,-0.565881,1.32022
10130,0.668795,1.44729
10131,-0.870821,1.75833
10132,-0.0924753,1.00855
10133,-1.1648,2.35676
10134,-1.11528,2.24385
10135,0.0632906,1.00401
10136,-0.681451,1.46438
10137,0.473815,1.2245
10138,-0.242208,1.05866
10139,0.277232,1.07686
10140,-1.52636,3.32977
10141,-0.910308,1.82866
10142,0,1
10143,0.167206,1.02796
10144,-0.370243,1.13708
10145,0.0425561,1.00181
10146,0,1
10147,-1.24216,2.54297
10148,0.111824,1.0125
10149,0.315368,1.09946
10150,0,1
10151,-0.596612,1.35595
10152,-1.40005,2.96015
10153,0.375078,1.14068
10154,0.12042,1.0145
10155,-2.01042,5.0418
10156,0.0706894,1.005
10157,0,1
10158,-1.01466,2.02954
10159,-0.250792,1.0629
10160,-0.855986,1.73271
10161,-0.88179,1.77755
10162,-2.39732,6.74714
10163,-1.98058,4.92272
10164,-1.37678,2.89552
10165,-1.04999,2.10248
10166,0.154089,1.02374
10167,-0.0139899,1.0002
10168,-0.202101,1.04084
10169,0.859342,1.73847
10170,-0.069049,1.00477
10171,-1.04999,2.10248
10172,-0.520769,1.2712
10173,-0.412169,1.16988
10174,0,1
10175,-2.10992,5.45174
10176,-1.02358,2.04771
10177,0.190632,1.03634
10178,-0.179176,1.0321
10179,0.297022,1.08822
10180,-1.87093,4.50037
10181,-0.141477,1.02002
10182,-0.612923,1.37567
10183,-0.109156,1.01191
10184,-0.543296,1.29517
10185,0.278456,1.07754
10186,0.016866,1.00028
10187,-1.52216,3.31696
10188,0.860577,1.74059
10189,0.747179,1.55828
10190,0.789206,1.62285
10191,0.119727,1.01433
10192,-1.05071,2.10399
10193,-1.00146,2.00292
10194,-0.5405,1.29214
10195,0,1
10196,0,1
10197,0.662859,1.43938
10198,0.0362648,1.00132
10199,-0.0439506,1.00193
10200,0.50434,1.25436
10201,0.141645,1.02006
10202,0,1
10203,-2.78608,8.76223
10204,-0.199648,1.03986
10205,-0.434249,1.18857
10206,-1.31858,2.73864
10207,-1.86664,4.48434
10208,-0.493945,1.24398
10209,-1.4559,3.11963
10210,0,1
10211,-0.952011,1.90632
10212,-0.395226,1.1562
10213,-0.331856,1.11013
10214,-0.937493,1.87889
10215,-0.785211,1.61656
10216,0,1
10217,-0.228555,1.05224
10218,0.308133,1.09495
10219,0.330665,1.10934
10220,-1.83742,4.37612
10221,-1.31919,2.74025
10222,0.236429,1.0559
10223,-0.982381,1.96507
10224,-0.444738,1.19779
10225,-0.159089,1.02531
10226,-0.558562,1.31199
10227,-1.24595,2.5524
10228,-1.08069,2.16789
10229,-0.017236,1.0003
10230,0,1
10231,0.423247,1.17914
10232,0.0904623,1.00818
10233,-0.850797,1.72386
10234,-0.014289,1.0002
10235,-0.157186,1.02471
10236,-0.716586,1.5135
10237,0.839781,1.70523
10238,0,1
10239,0.25341,1.06422
10240,0,1
10241,-0.517997,1.26832
10242,-0.792477,1.62802
10243,-0.40129,1.16103
10244,0,1
10245,0.242297,1.05871
10246,0.635221,1.40351
10247,-2.05143,5.20837
10248,-0.742111,1.55073
10249,-1.05583,2.11478
10250,0.10647,1.01134
10251,-0.728936,1.53135
10252,-0.244098,1.05958
10253,-0.453696,1.20584
10254,-1.57638,3.48498
10255,0,1
10256,0,1
10257,0.475655,1.22625
10258,-1.07632,2.15847
10259,-1.02674,2.05419
10260,-0.643745,1.41441
10261,0.935433,1.87504
10262,0.460275,1.21185
10263,-1.62949,3.65525
10264,-0.47658,1.22713
10265,-0.384177,1.14759
10266,0.882405,1.77864
10267,0.240829,1.058
10268,0,1
10269,-0.317697,1.10093
10270,-0.750442,1.56316
10271,0.247213,1.06111
10272,-0.131916,1.0174
10273,0.42225,1.1783
10274,0.948569,1.89978
10275,0.622928,1.38804
10276,0.000154983,1
10277,-0.829048,1.68732
10278,-1.37824,2.89955
10279,-0.691867,1.47868
10280,-0.238276,1.05678
10281,-0.911009,1.82994
10282,0.0488259,1.00238
10283,-0.298633,1.08918
10284,0,1
10285,-0.131352,1.01725
10286,0,1
10287,0.379631,1.14412
10288,0,1
10289,0,1
10290,-0.014289,1.0002
10291,-0.322953,1.1043
10292,-0.495366,1.24539
10293,0,1
10294,0.416223,1.17324
10295,-0.940471,1.88449
10296,-0.12187,1.01485
10297,-0.148695,1.02211
10298,-0.971457,1.94373
10299,-0.400276,1.16022
10300,-0.822535,1.67656
10301,-0.0955247,1.00912
10302,-0.487663,1.23782
10303,1.28255,2.64494
10304,-0.598816,1.35858
10305,0.0572323,1.00328
10306,-0.624148,1.38956
10307,-0.248683,1.06184
10308,0.484389,1.23463
10309,-0.737671,1.54416
10310,0,1
10311,0,1
10312,-0.148476,1.02205
10313,0,1
10314,-0.868534,1.75435
10315,-0.254819,1.06493
10316,0.551009,1.30361
10317,-0.469964,1.22087
10318,-0.0995544,1.00991
10319,0.141192,1.01994
10320,-0.575797,1.33154
10321,0.0274943,1.00076
10322,-0.352573,1.12431
10323,-0.494179,1.24421
10324,-0.403191,1.16256
10325,-1.05133,2.10529
10326,-2.13818,5.57183
10327,0.306056,1.09367
10328,0,1
10329,-0.982858,1.96601
10330,-0.267466,1.07154
10331,-1.50665,3.26999
10332,0,1
10333,-0.998472,1.99695
10334,0,1
10335,-0.347478,1.12074
10336,-1.50059,3.25178
10337,0,1
10338,-0.190194,1.03617
10339,0.412842,1.17044
10340,0,1
10341,-1.64403,3.70285
10342,-0.236405,1.05589
10343,-0.688742,1.47437
10344,-1.22177,2.49273
10345,-0.646128,1.41748
10346,0.248224,1.06162
10347,-0.0958581,1.00919
10348,-1.30757,2.70975
10349,-1.53602,3.35936
10350,-0.460605,1.21216
10351,-0.961116,1.92374
10352,-0.131668,1.01734
10353,0.28072,1.0788
10354,-1.3272,2.76145
10355,-1.04015,2.08192
10356,0.0843908,1.00712
10357,-1.02784,2.05645
10358,-2.0758,5.30893
10359,0.135318,1.01831
10360,0,1
10361,0.234437,1.05496
10362,-1.85163,4.42852
10363,-0.0751308,1.00564
10364,-1.10509,2.22122
10365,0.261396,1.06833
10366,-0.0327613,1.00107
10367,-0.35639,1.12701
10368,0.469366,1.2203
10369,0.182137,1.03317
10370,0,1
10371,0,1
10372,0,1
10373,0.934265,1.87285
10374,-1.04999,2.10248
10375,0.129678,1.01682
10376,-0.0993976,1.00988
10377,0.127023,1.01613
10378,-0.0102473,1.00011
10379,0.21878,1.04786
10380,-1.15004,2.32259
10381,0.273448,1.07477
10382,-1.4488,3.09903
10383,-0.731243,1.53472
10384,-0.381858,1.14582
10385,-1.45338,3.11231
10386,0,1
10387,-0.456814,1.20868
10388,0,1
10389,-0.676811,1.45807
10390,-0.203179,1.04128
10391,-0.656185,1.43058
10392,-0.0427772,1.00183
10393,0.554984,1.30801
10394,-0.757125,1.57324
10395,-1.35495,2.83588
10396,-1.01144,2.02301
10397,-0.774159,1.59932
10398,-0.581491,1.33813
10399,-1.06708,2.13865
10400,-0.700873,1.49122
10401,-0.824605,1.67997
10402,-1.35933,2.84779
10403,-1.2521,2.56776
10404,0,1
10405,-1.25583,2.5771
10406,0.278688,1.07767
10407,0.176774,1.03125
10408,0,1
10409,-2.05071,5.20541
10410,-0.0204994,1.00042
10411,0.195066,1.03805
10412,0.745252,1.5554
10413,0.712867,1.50818
10414,0.288261,1.08309
10415,0.0769798,1.00593
10416,0.341133,1.11637
10417,0.715415,1.51182
10418,0.910181,1.82843
10419,0.75513,1.57022
10420,0.599369,1.35924
10421,0.444092,1.19722
10422,0.822755,1.67693
10423,0.582841,1.3397
10424,0.73666,1.54267
10425,0.627234,1.39342
10426,0.850974,1.72416
10427,0.83829,1.70273
10428,0.55827,1.31166
10429,0.409788,1.16793
10430,0.670427,1.44947
10431,0.0688065,1.00473
10432,0.238147,1.05671
10433,0.655942,1.43026
10434,0.403621,1.16291
10435,0.337686,1.11403
10436,0.9587,1.9191
10437,0.836345,1.69947
10438,0.487103,1.23727
10439,-0.369416,1.13647
10440,0.738581,1.5455
10441,0.469873,1.22078
10442,0.670649,1.44977
10443,0.304809,1.09291
10444,0.785317,1.61672
10445,0.407168,1.16579
10446,0.342681,1.11743
10447,0.523751,1.27431
10448,0.0876845,1.00769
10449,0.100486,1.0101
10450,0.566321,1.32072
10451,0.221181,1.04892
10452,0.0183414,1.00034
10453,-0.601098,1.36132
10454,0.397985,1.15839
10455,0.13449,1.01809
10456,0.673243,1.45326
10457,0.42182,1.17793
10458,0.292024,1.08528
10459,0.598631,1.35836
10460,0.357068,1.1275
10461,0.567394,1.32194
10462,0.255357,1.06521
10463,0.45038,1.20284
10464,0.691331,1.47794
10465,0.723903,1.52404
10466,0.0223882,1.0005
10467,0.750848,1.56377
10468,0.715654,1.51216
10469,0.627151,1.39332
10470,-0.0354563,1.00126
10471,-0.300094,1.09006
10472,-0.118842,1.01412
10473,0.242864,1.05898
10474,-0.0259761,1.00067
10475,-0.119171,1.0142
10476,0.186627,1.03483
10477,0.00673954,1.00005
10478,-0.000164123,1
10479,0.554716,1.30771
10480,0.263332,1.06934
10481,-0.324237,1.10513
10482,0.0649059,1.00421
10483,0.65925,1.43461
10484,-2.34085e-05,1
10485,0.50551,1.25554
10486,-0.535832,1.28712
10487,0.404794,1.16386
10488,0.314501,1.09891
10489,-1.18716,2.40936
10490,0.0747836,1.00559
10491,-1.56354,3.44465
10492,0.480101,1.2305
10493,0,1
10494,-0.818883,1.67057
10495,-1.08249,2.17179
10496,0.170443,1.02905
10497,0,1
10498,-0.779931,1.60829
10499,0.296448,1.08788
10500,-0.02124,1.00045
10501,-0.687841,1.47312
10502,-0.116025,1.01346
10503,1.4225,3.02351
10504,-1.0149,2.03002
10505,-0.026103,1.00068
10506,-0.842148,1.70921
10507,-0.267014,1.0713
10508,0.552621,1.30539
10509,-0.683815,1.4676
10510,-0.202391,1.04096
10511,-0.574604,1.33017
10512,-0.294325,1.08663
10513,-0.49926,1.24926
10514,0,1
10515,0.749699,1.56205
10516,-0.606756,1.36815
10517,-0.949677,1.90189
10518,-1.1986,2.43663
10519,-0.491733,1.2418
10520,-0.575079,1.33072
10521,-0.198322,1.03933
10522,-0.433478,1.1879
10523,-0.342008,1.11697
10524,-0.860508,1.74047
10525,0.144695,1.02094
10526,-0.0227036,1.00052
10527,-0.187132,1.03502
10528,-0.277973,1.07727
10529,-0.358834,1.12876
10530,-0.025027,1.00063
10531,-0.359678,1.12937
10532,0.107003,1.01145
10533,-0.343427,1.11794
10534,-0.84102,1.70731
10535,0.159357,1.02539
10536,0.423774,1.17958
10537,-0.311897,1.09728
10538,-0.00212489,1
10539,0.0485701,1.00236
10540,-0.39595,1.15678
10541,0.290225,1.08423
10542,0.0900522,1.00811
10543,-0.554483,1.30745
10544,-0.133868,1.01792
10545,0.0770631,1.00594
10546,-0.163868,1.02685
10547,0.114146,1.01303
10548,0.346049,1.11975
10549,0.506352,1.25639
10550,-0.947026,1.89686
10551,-0.0759166,1.00576
10552,0.575361,1.33104
10553,-0.382109,1.14601
10554,0.483244,1.23352
10555,-0.125285,1.0157
10556,-0.736885,1.543
10557,-0.214585,1.04605
10558,0,1
10559,0.483333,1.23361
10560,-0.124569,1.01552
10561,-0.287114,1.08243
10562,0.313613,1.09835
10563,-0.0728598,1.00531
10564,0,1
10565,-0.615246,1.37853
10566,-0.218893,1.04791
10567,-0.928269,1.86168
10568,0.0174287,1.0003
10569,0.0304751,1.00093
10570,-0.423302,1.17918
10571,-0.177427,1.03148
10572,0.37938,1.14393
10573,0.000739423,1
10574,-1.05722,2.11772
10575,-0.414017,1.17141
10576,-0.713504,1.50909
10577,0,1
10578,0.604964,1.36598
10579,0.301315,1.09079
10580,0.203783,1.04153
10581,0.476108,1.22668
10582,-0.69118,1.47773
10583,-0.171071,1.02927
10584,0.27329,1.07469
10585,0,1
10586,0.466082,1.21723
10587,0.417404,1.17423
10588,0.310061,1.09614
10589,0.395579,1.15648
10590,0.456472,1.20837
10591,0.0416063,1.00173
10592,0.203398,1.04137
10593,-0.0141732,1.0002
10594,0.540941,1.29262
10595,0.224824,1.05055
10596,0.553171,1.306
10597,0.0326447,1.00107
10598,-0.290248,1.08424
10599,0.564694,1.31888
10600,0.500489,1.25049
10601,-0.776181,1.60246
10602,-0.0480729,1.00231
10603,-0.157469,1.0248
10604,0.154277,1.0238
10605,0.345593,1.11943
10606,0.441164,1.19463
10607,0.350673,1.12297
10608,-1.09856,2.20684
10609,0.436635,1.19065
10610,-0.777182,1.60401
10611,0.0703457,1.00495
10612,-1.93266,4.73518
10613,0.388,1.15054
10614,0.684968,1.46918
10615,-1.88712,4.56121
10616,0,1
10617,-1.74746,4.05361
10618,0,1
10619,0,1
10620,0,1
10621,0.673128,1.4531
10622,-0.0150727,1.00023
10623,-0.672346,1.45205
10624,-0.555792,1.3089
10625,-2.04999,5.20246
10626,0.134267,1.01803
10627,0.782963,1.61303
10628,-1.04999,2.10248
10629,-0.271477,1.0737
10630,0.0608883,1.00371
10631,-0.595008,1.35403
10632,0,1
10633,0.172304,1.02969
10634,0.183321,1.03361
10635,0.201746,1.0407
10636,-1.2506,2.56401
10637,0.0718631,1.00516
10638,-0.637589,1.40652
10639,-0.146061,1.02133
10640,-0.322001,1.10368
10641,0.747834,1.55926
10642,0.666788,1.44461
10643,-1.55292,3.41155
10644,-0.280346,1.07859
10645,-0.388442,1.15089
10646,0.749172,1.56126
10647,0,1
10648,0.250847,1.06292
10649,0.371666,1.13814
10650,0,1
10651,0,1
10652,-1.14892,2.32002
10653,0,1
10654,0.186905,1.03493
10655,-0.698916,1.48848
10656,0,1
10657,0.772256,1.59638
10658,0.932575,1.8697
10659,0.492562,1.24262
10660,0.38616,1.14912
10661,0.127924,1.01636
10662,0.00251366,1.00001
10663,-0.212023,1.04495
10664,0.234556,1.05502
10665,0,1
10666,0,1
10667,0,1
10668,0,1
10669,0,1
10670,-0.626673,1.39272
10671,0.402799,1.16225
10672,0.354516,1.12568
10673,-0.442753,1.19603
10674,0.337475,1.11389
10675,-2.25209,6.07191
10676,0,1
10677,-0.7483,1.55995
10678,-1.54216,3.37825
10679,0.322105,1.10375
10680,-1.60273,3.56873
10681,0.210171,1.04417
10682,0.730894,1.53421
10683,-0.254541,1.06479
10684,0.240231,1.05771
10685,0.44054,1.19408
10686,0.439775,1.1934
10687,0.42574,1.18125
10688,0.937548,1.879
10689,0.220965,1.04883
10690,0.357229,1.12761
10691,-0.596836,1.35621
10692,0.031681,1.001
10693,0.296058,1.08765
10694,0.404191,1.16337
10695,0.0697133,1.00486
10696,0.184572,1.03407
10697,0.383173,1.14682
10698,0.721988,1.52127
10699,-0.0350629,1.00123
10700,-0.452205,1.20449
10701,0.470717,1.22157
10702,0.819151,1.67101
10703,-0.0991575,1.00983
10704,0.673062,1.45301
10705,0.692773,1.47993
10706,0.857671,1.7356
10707,0.524238,1.27483
10708,0.512986,1.26315
10709,0.530393,1.28132
10710,0.080445,1.00647
10711,0.741007,1.54909
10712,0.837778,1.70187
10713,-0.20562,1.04228
10714,0.490204,1.2403
10715,0.874842,1.76535
10716,0.688832,1.47449
10717,0.51882,1.26917
10718,0.400311,1.16025
10719,0.568629,1.32334
10720,0.912093,1.83191
10721,0.698885,1.48844
10722,0.530693,1.28164
10723,0.196343,1.03855
10724,0.0729845,1.00533
10725,0.730189,1.53318
10726,0.663472,1.44019
10727,0.648725,1.42084
10728,0.336649,1.11333
10729,0.772249,1.59637
10730,0.52192,1.2724
10731,0.777488,1.60449
10732,0.753859,1.5683
10733,0.673575,1.4537
10734,0.495452,1.24547
10735,0.34294,1.11761
10736,0.653572,1.42716
10737,0.572512,1.32777
10738,0.511035,1.26116
10739,0.195636,1.03827
10740,0.741854,1.55035
10741,0.756059,1.57162
10742,0.571121,1.32618
10743,0.699772,1.48968
10744,0.724907,1.52549
10745,0.456264,1.20818
10746,0.529667,1.28055
10747,-0.19071,1.03637
10748,0.62061,1.38516
10749,0.422369,1.1784
10750,0.522312,1.27281
10751,0.483977,1.23423
10752,0.439394,1.19307
10753,0.684263,1.46822
10754,0.694095,1.48177
10755,0.427833,1.18304
10756,0.826958,1.68386
10757,0.580723,1.33724
10758,0.788303,1.62142
10759,0.579446,1.33576
10760,0.745911,1.55638
10761,-0.20758,1.04309
10762,0.665578,1.44299
10763,0.342853,1.11755
10764,0.511383,1.26151
10765,0.502582,1.25259
10766,0.784948,1.61614
10767,0.223756,1.05007
10768,0.811875,1.65914
10769,0.560454,1.31411
10770,0.481164,1.23152
10771,0.353517,1.12497
10772,0.512931,1.2631
10773,0.784887,1.61605
10774,-0.0559372,1.00313
10775,0.634417,1.40249
10776,0.374458,1.14022
10777,0.23173,1.0537
10778,0.711442,1.50615
10779,0.476885,1.22742
10780,0.341455,1.11659
10781,0.227563,1.05178
10782,0.69478,1.48272
10783,0.336799,1.11343
10784,0.658477,1.43359
10785,0.275955,1.07615
10786,0.60765,1.36924
10787,0.517911,1.26823
10788,0.309688,1.09591
10789,0.641543,1.41158
10790,0.770663,1.59392
10791,0.260779,1.06801
10792,-0.0158713,1.00025
10793,0.519155,1.26952
10794,0.613272,1.3761
10795,0.454034,1.20615
10796,-0.00640511,1.00004
10797,0.527266,1.27801
10798,0.453019,1.20523
10799,0.577079,1.33302
10800,0.536613,1.28795
10801,0.0514195,1.00264
10802,0.43642,1.19046
10803,0.128784,1.01659
10804,0.081265,1.0066
10805,0.692242,1.4792
10806,0.596087,1.35532
10807,0.400239,1.16019
10808,0.340946,1.11624
10809,0.572625,1.3279
10810,0.617857,1.38175
10811,0.309066,1.09552
10812,0.0896681,1.00804
10813,0.470233,1.22112
10814,0,1
10815,0,1
10816,0.0762792,1.00582
10817,-2.57793,7.64573
10818,-0.155313,1.02412
10819,-1.40976,2.98743
10820,0,1
10821,-1.10699,2.22542
10822,0.129586,1.01679
10823,-0.372188,1.13852
10824,0,1
10825,0,1
10826,-0.571603,1.32673
10827,0.164963,1.02721
10828,-1.75677,4.08625
10829,-2.18046,5.7544
10830,-1.91486,4.6667
10831,-1.82614,4.33477
10832,-1.52094,3.31325
10833,-0.659074,1.43438
10834,-1.71256,3.93285
10835,-0.812298,1.65983
10836,-0.642699,1.41306
10837,-0.322658,1.10411
10838,-0.612353,1.37498
10839,0.314655,1.09901
10840,-0.442833,1.1961
10841,-1.79067,4.20649
10842,-1.33936,2.79389
10843,-0.0411129,1.00169
10844,-0.247986,1.0615
10845,0.361715,1.13084
10846,-0.707205,1.50014
10847,-0.69824,1.48754
10848,0.0855726,1.00732
10849,0.361513,1.13069
10850,0.0150714,1.00023
10851,-0.428963,1.18401
10852,-0.133922,1.01794
10853,0.439156,1.19286
10854,-0.475492,1.22609
10855,0.0522938,1.00273
10856,-0.188361,1.03548
10857,-0.659125,1.43445
10858,-0.538352,1.28982
10859,0.29536,1.08724
10860,-0.590712,1.34894
10861,0.0849583,1.00722
10862,0.252196,1.0636
10863,0.626267,1.39221
10864,-1.1392,2.29777
10865,-0.108758,1.01183
10866,0.705859,1.49824
10867,0.452481,1.20474
10868,-0.640277,1.40996
10869,-0.203286,1.04133
10870,0.314687,1.09903
10871,-0.307737,1.0947
10872,-0.567292,1.32182
10873,0,1
10874,0.194758,1.03793
10875,-0.0830511,1.0069
10876,-0.468464,1.21946
10877,-0.217325,1.04723
10878,-0.857227,1.73484
10879,0.260917,1.06808
10880,-0.253756,1.06439
10881,0.0500073,1.0025
10882,-0.625583,1.39135
10883,-0.168924,1.02854
10884,-0.655432,1.42959
10885,-0.0240667,1.00058
10886,-1.60172,3.56551
10887,-0.830878,1.69036
10888,-2.20277,5.85219
10889,0.115109,1.01325
10890,-0.342028,1.11698
10891,-2.04999,5.20246
10892,0.469684,1.2206
10893,-1.00055,2.00109
10894,-1.77121,4.1372
10895,-0.420918,1.17717
10896,-0.702076,1.49291
10897,0.213062,1.0454
10898,0.155113,1.02406
10899,0.432979,1.18747
10900,-0.214845,1.04616
10901,0.141223,1.01994
10902,0.076029,1.00578
10903,-0.440326,1.19389
10904,-0.306442,1.09391
10905,0,1
10906,-0.0513817,1.00264
10907,-0.363593,1.1322
10908,-0.493528,1.24357
10909,-0.0564186,1.00318
10910,-0.0225242,1.00051
10911,0.217559,1.04733
10912,-0.538033,1.28948
10913,-0.72892,1.53132
10914,0.384097,1.14753
10915,0.488501,1.23863
10916,-0.124978,1.01562
10917,0.0867223,1.00752
10918,0.0803973,1.00646
10919,-0.308152,1.09496
10920,-0.763522,1.58297
10921,0.373192,1.13927
10922,0.760635,1.57857
10923,-0.309304,1.09567
10924,-0.545401,1.29746
10925,0.882107,1.77811
10926,0,1
10927,-0.281504,1.07924
10928,-0.998295,1.99659
10929,-1.28511,2.6515
10930,-0.217329,1.04723
10931,-0.289621,1.08388
10932,-2.95449,9.72899
10933,-1.01838,2.03709
10934,-0.883624,1.78079
10935,-1.77912,4.16525
10936,0.581336,1.33795
10937,-0.676811,1.45807
10938,-0.25434,1.06469
10939,-0.807859,1.65264
10940,-1.11807,2.25008
10941,-0.825526,1.68149
10942,-0.134673,1.01814
10943,-0.3968,1.15745
10944,0,1
10945,0.00404,1.00002
10946,-1.39486,2.94563
10947,0.481022,1.23138
10948,-0.13518,1.01827
10949,0,1
10950,0.607735,1.36934
10951,0.3626,1.13148
10952,-1.23291,2.52007
10953,-0.415162,1.17236
10954,-0.768841,1.59112
10955,-1.28144,2.64209
10956,-0.491662,1.24173
10957,-0.625689,1.39149
10958,-0.249065,1.06203
10959,-0.911176,1.83024
10960,-1.01794,2.0362
10961,0,1
10962,-0.56625,1.32064
10963,-0.142877,1.02041
10964,-0.0522005,1.00272
10965,0.231058,1.05339
10966,0,1
10967,-0.966932,1.93496
10968,-0.734217,1.53908
10969,-0.127757,1.01632
10970,-0.261204,1.06823
10971,-0.622826,1.38791
10972,-1.23277,2.51973
10973,-0.446978,1.19979
10974,-0.104227,1.01086
10975,-0.105728,1.01118
10976,-0.411238,1.16912
10977,-0.270219,1.07302
10978,-0.204901,1.04198
10979,-0.770313,1.59338
10980,0.174516,1.03046
10981,-0.0982354,1.00965
10982,-0.285585,1.08156
10983,-0.51395,1.26414
10984,-0.695682,1.48397
10985,-0.855419,1.73174
10986,-1.71045,3.92565
10987,-0.302778,1.09167
10988,-1.2776,2.63226
10989,-2.20038,5.84166
10990,-0.51561,1.26585
10991,-1.44901,3.09962
10992,-0.423168,1.17907
10993,-1.39867,2.95626
10994,0.229973,1.05289
10995,-1.0211,2.04264
10996,-0.405856,1.16472
10997,-1.18969,2.41535
10998,0.071894,1.00517
10999,-0.102166,1.01044
11000,-0.189751,1.03601
11001,0.132622,1.01759
11002,-0.870929,1.75852
11003,0.0758703,1.00576
11004,-0.545644,1.29773
11005,-0.532134,1.28317
11006,-1.00292,2.00584
11007,0.180493,1.03258
11008,0.113986,1.01299
11009,-0.18666,1.03484
11010,-0.238558,1.05691
11011,-1.12173,2.25829
11012,-1.10733,2.22618
11013,-0.863584,1.74578
11014,0,1
11015,-1.35931,2.84773
11016,-1.11579,2.24498
11017,0.0201691,1.00041
11018,-1.04261,2.08704
11019,-0.353602,1.12503
11020,0.190349,1.03623
11021,-0.669443,1.44815
11022,0.343019,1.11766
11023,0.156298,1.02443
11024,-0.0488345,1.00238
11025,0.575843,1.3316
11026,-2.07331,5.29859
11027,-0.743455,1.55272
11028,-0.520029,1.27043
11029,0.00429728,1.00002
11030,-0.114388,1.01308
11031,-0.582234,1.339
11032,0.523491,1.27404
11033,0.340225,1.11575
11034,-0.344989,1.11902
11035,-0.504763,1.25479
11036,-0.86115,1.74158
11037,-0.843236,1.71105
11038,-0.842533,1.70986
11039,-0.36448,1.13285
11040,-0.699534,1.48935
11041,-0.0551179,1.00304
11042,-0.713524,1.50912
11043,-1.70979,3.92337
11044,0,1
11045,-1.5004,3.25121
11046,0,1
11047,-0.585548,1.34287
11048,-1.35051,2.82387
11049,0.167492,1.02805
11050,0.267283,1.07144
11051,-0.561908,1.31574
11052,-0.340816,1.11616
11053,-0.0661798,1.00438
11054,0,1
11055,-0.175133,1.03067
11056,-0.263123,1.06923
11057,0.413456,1.17095
11058,0.282109,1.07959
11059,-0.228234,1.05209
11060,-0.460813,1.21235
11061,-0.493896,1.24393
11062,0,1
11063,0,1
11064,-0.66036,1.43607
11065,0.110157,1.01213
11066,-0.808191,1.65317
11067,-0.377805,1.14274
11068,-0.830506,1.68974
11069,0.161853,1.0262
11070,-0.228496,1.05221
11071,-0.552658,1.30543
11072,-0.199961,1.03998
11073,-0.551127,1.30374
11074,-0.203736,1.04151
11075,-1.07078,2.14657
11076,-1.00508,2.01018
11077,-1.13627,2.29112
11078,-0.746265,1.55691
11079,0.26921,1.07247
11080,-1.80793,4.26859
11081,-0.037489,1.00141
11082,-0.207749,1.04316
11083,-0.830833,1.69028
11084,-1.81706,4.30172
11085,-0.642686,1.41305
11086,-0.774502,1.59985
11087,-1.38944,2.93053
11088,-0.670101,1.44904
11089,-0.8245,1.6798
11090,-0.938386,1.88057
11091,-1.20688,2.45657
11092,-0.0395822,1.00157
11093,-0.790172,1.62437
11094,0.442765,1.19604
11095,-0.151846,1.02306
11096,-0.271909,1.07393
11097,-0.560737,1.31443
11098,-0.290326,1.08429
11099,-0.00243314,1.00001
11100,-0.516362,1.26663
11101,0.630275,1.39725
11102,-0.15876,1.0252
11103,-0.266529,1.07104
11104,-0.267396,1.0715
11105,-0.786672,1.61885
11106,-1.42556,3.03221
11107,-0.813776,1.66223
11108,0.328782,1.1081
11109,-1.08542,2.17814
11110,-0.462619,1.21402
11111,0,1
11112,-0.544849,1.29686
11113,-1.04999,2.10248
11114,0.0320793,1.00103
11115,-1.09555,2.20022
11116,0.143642,1.02063
11117,0.279646,1.0782
11118,-0.747421,1.55864
11119,0.200803,1.04032
11120,-1.04125,2.0842
11121,0.291562,1.08501
11122,-0.522687,1.2732
11123,0.327469,1.10724
11124,-0.962997,1.92736
11125,-0.163926,1.02687
11126,-0.838603,1.70325
11127,-0.671062,1.45032
11128,-0.0554404,1.00307
11129,0.329404,1.10851
11130,-0.262143,1.06872
11131,-0.513924,1.26412
11132,-0.211353,1.04467
11133,0.103355,1.01068
11134,-0.350535,1.12287
11135,-1.1325,2.28256
11136,-0.383101,1.14677
11137,0.0669524,1.00448
11138,-0.400392,1.16031
11139,-0.367597,1.13513
11140,0.0226569,1.00051
11141,-0.393292,1.15468
11142,-1.01367,2.02752
11143,0.254719,1.06488
11144,0.688612,1.47419
11145,-0.895362,1.80167
11146,-1.00897,2.01803
11147,-0.783784,1.61432
11148,-0.91202,1.83178
11149,-0.137749,1.01897
11150,0.0132242,1.00017
11151,-0.340373,1.11585
11152,0.0107268,1.00012
11153,0.218886,1.04791
11154,0.415852,1.17293
11155,-0.327744,1.10742
11156,-0.484307,1.23455
11157,-0.718484,1.51622
11158,0.276928,1.07669
11159,-1.43471,3.05839
11160,0.21844,1.04772
11161,-1.42978,3.04426
11162,0.282578,1.07985
11163,0.199836,1.03993
11164,0.178222,1.03176
11165,-0.0439379,1.00193
11166,-0.427331,1.18261
11167,-0.506667,1.25671
11168,-0.149453,1.02234
11169,-0.430685,1.18549
11170,-0.637004,1.40577
11171,-0.913847,1.83512
11172,0.171792,1.02951
11173,0.16789,1.02819
11174,0.105919,1.01122
11175,0.0090257,1.00008
11176,0,1
11177,0,1
11178,-0.025828,1.00067
11179,-0.0734262,1.00539
11180,-1.04843,2.09921
11181,-0.654709,1.42864
11182,0.585559,1.34288
11183,0,1
11184,0,1
11185,-1.71513,3.94167
11186,0,1
11187,-1.12217,2.25926
11188,0,1
11189,-0.316754,1.10033
11190,-0.520272,1.27068
11191,-1.8311,4.35293
11192,-0.476988,1.22752
11193,0,1
11194,-0.630686,1.39776
11195,-0.83834,1.70281
11196,0.515206,1.26544
11197,-2.02028,5.08155
11198,-0.0245325,1.0006
11199,-0.171237,1.02932
11200,0,1
11201,-0.362268,1.13124
11202,0.16938,1.02869
11203,-0.829859,1.68867
11204,-0.376305,1.14161
11205,-0.313017,1.09798
11206,0.122447,1.01499
11207,0.220473,1.04861
11208,-1.76594,4.11855
11209,0.17119,1.02931
11210,-0.440231,1.1938
11211,0.304737,1.09286
11212,-0.357329,1.12768
11213,0,1
11214,-2.07977,5.32543
11215,0,1
11216,0.289551,1.08384
11217,0,1
11218,0.425237,1.18083
11219,-0.913436,1.83437
11220,-0.789905,1.62395
11221,-0.0601123,1.00361
11222,0.227712,1.05185
11223,-0.0707352,1.005
11224,-1.30613,2.70598
11225,-0.917903,1.84255
11226,-0.355458,1.12635
11227,-0.203499,1.04141
11228,0.0214915,1.00046
11229,-1.0536,2.11007
11230,0,1
11231,0.0605849,1.00367
11232,0.492406,1.24246
11233,-1.67362,3.80101
11234,-0.836585,1.69987
11235,-0.0499898,1.0025
11236,0,1
11237,-0.505022,1.25505
11238,0,1
11239,-0.436482,1.19052
11240,-0.106476,1.01134
11241,-0.961495,1.92447
11242,-1.14866,2.31943
11243,-1.16314,2.3529
11244,0,1
11245,0,1
11246,-0.0947679,1.00898
11247,-0.96714,1.93536
11248,0.40408,1.16328
11249,0,1
11250,-0.736723,1.54276
11251,-0.592775,1.35138
11252,0.355362,1.12628
11253,-0.119113,1.01419
11254,0.446959,1.19977
11255,0.441042,1.19452
11256,0,1
11257,-0.53331,1.28442
11258,-0.429593,1.18455
11259,-1.02178,2.04403
11260,-0.0628246,1.00395
11261,0.339281,1.11511
11262,-1.15786,2.34065
11263,0.474381,1.22504
11264,-1.0417,2.08514
11265,-0.103686,1.01075
11266,-0.579139,1.3354
11267,-0.506686,1.25673
11268,-0.141326,1.01997
11269,-0.723143,1.52294
11270,-0.240797,1.05798
11271,0.378668,1.14339
11272,-0.00560477,1.00003
11273,0.0198217,1.00039
11274,-0.0653215,1.00427
11275,-0.10753,1.01156
11276,-1.85129,4.42729
11277,-0.554318,1.30727
11278,-0.523026,1.27356
11279,0,1
11280,-1.69187,3.86242
11281,-0.340452,1.11591
11282,-1.34355,2.80512
11283,-0.205532,1.04224
11284,-0.976568,1.95368
11285,-2.03027,5.12201
11286,0.526739,1.27745
11287,-0.4652,1.21641
11288,1.10673,2.22486
11289,-1.05817,2.11973
11290,0.29104,1.0847
11291,-0.600957,1.36115
11292,0.412036,1.16977
11293,-0.342057,1.117
11294,-0.176592,1.03118
11295,-0.892463,1.79649
11296,-1.29598,2.67956
11297,-0.102907,1.01059
11298,-0.586994,1.34456
11299,0.348887,1.12172
11300,-0.0264383,1.0007
11301,0.439794,1.19342
11302,0.223498,1.04995
11303,-0.22861,1.05226
11304,0,1
11305,-0.540423,1.29206
11306,-0.993916,1.98787
11307,-0.67684,1.45811
11308,1.01695,2.03418
11309,-1.04999,2.10248
11310,-1.62208,3.63113
11311,-0.537583,1.289
11312,-1.23716,2.53056
11313,-0.40513,1.16413
11314,-0.422242,1.17829
11315,-0.308522,1.09519
11316,0.00977776,1.0001
11317,0.270638,1.07324
11318,-0.541776,1.29352
11319,-1.52642,3.32995
11320,-1.34416,2.80676
11321,-0.800922,1.64148
11322,0.0690546,1.00477
11323,-0.481048,1.23141
11324,-1.25338,2.57097
11325,-0.771415,1.59508
11326,-1.16685,2.36153
11327,-0.097949,1.00959
11328,0.401605,1.16129
11329,-0.186124,1.03464
11330,0.196531,1.03862
11331,-0.194924,1.038
11332,-0.107892,1.01164
11333,-0.450308,1.20278
11334,-0.815162,1.66449
11335,-1.67376,3.80148
11336,0.432554,1.1871
11337,-0.155475,1.02417
11338,-0.841271,1.70774
11339,-1.26027,2.58829
11340,-0.123198,1.01518
11341,-0.211348,1.04467
11342,0.149508,1.02235
11343,-1.17162,2.37269
11344,-1.12745,2.27115
11345,-0.583818,1.34084
11346,0.412706,1.17033
11347,-0.962065,1.92557
11348,-1.55475,3.41725
11349,-0.202481,1.041
11350,0.302559,1.09154
11351,-0.712144,1.50715
11352,-0.334549,1.11192
11353,-0.35326,1.12479
11354,0.0471979,1.00223
11355,0.0475546,1.00226
11356,-0.265013,1.07023
11357,0.643732,1.41439
11358,0.588326,1.34613
11359,-0.382915,1.14662
11360,-0.341166,1.11639
11361,0.0265119,1.0007
11362,-1.83781,4.37755
11363,-0.201696,1.04068
11364,0.139236,1.01939
11365,-0.0499898,1.0025
11366,-0.0997764,1.00996
11367,0.30744,1.09452
11368,-0.72955,1.53224
11369,0.217772,1.04742
11370,0.297911,1.08875
11371,0.26171,1.06849
11372,0.319358,1.10199
11373,-0.024554,1.0006
11374,-0.445379,1.19836
11375,-0.485678,1.23588
11376,-0.430219,1.18509
11377,-0.816652,1.66692
11378,0.219396,1.04813
11379,-0.0509447,1.0026
11380,0.312994,1.09797
11381,-0.878554,1.77186
11382,0.392022,1.15368
11383,-0.32884,1.10814
11384,0.637818,1.40681
11385,-0.164243,1.02698
11386,0.310056,1.09613
11387,-0.30277,1.09167
11388,0.445283,1.19828
11389,-0.130262,1.01697
11390,0.0790181,1.00624
11391,0.482922,1.23321
11392,0.543955,1.29589
11393,0.377916,1.14282
11394,0.23937,1.0573
11395,0.463494,1.21483
11396,0.610591,1.37282
11397,0.381632,1.14564
11398,0.378898,1.14356
11399,0.486695,1.23687
11400,-0.173137,1.02998
11401,0.530458,1.28139
11402,0.750355,1.56303
11403,0.427791,1.183
11404,0.468889,1.21986
11405,0.295601,1.08738
11406,0.714017,1.50982
11407,0.612286,1.37489
11408,0.130984,1.01716
11409,0.568692,1.32341
11410,0.522466,1.27297
11411,0.347386,1.12068
11412,0.246362,1.06069
11413,0.453914,1.20604
11414,0.228726,1.05232
11415,0.0612358,1.00375
11416,0.0545366,1.00297
11417,0.437347,1.19127
11418,0.457499,1.20931
11419,0.300756,1.09045
11420,0.525392,1.27604
11421,0.25389,1.06446
11422,0.0994909,1.0099
11423,0.170154,1.02895
11424,0.0237936,1.00057
11425,0.281062,1.079
11426,-1.2946,2.676
11427,-0.957929,1.91763
11428,-1.35777,2.84355
11429,-1.5789,3.49291
11430,-1.41009,2.98836
11431,-0.541782,1.29353
11432,-1.22778,2.50744
11433,-1.60175,3.56559
11434,-1.3974,2.95273
11435,-1.60078,3.5625
11436,-1.45549,3.11846
11437,-1.48351,3.2008
11438,-1.76422,4.11246
11439,0.125817,1.01583
11440,-0.861944,1.74295
11441,-1.52318,3.32007
11442,-1.22534,2.50146
11443,-1.46651,3.15064
11444,-1.2886,2.66048
11445,-1.43967,3.07265
11446,-1.99935,4.99741
11447,-1.76849,4.12755
11448,-0.891258,1.79434
11449,-1.49998,3.24994
11450,-1.74337,4.03934
11451,0.0954269,1.00911
11452,-1.19725,2.43341
11453,-1.75859,4.09264
11454,0.36544,1.13355
11455,-1.78903,4.20063
11456,-0.821576,1.67499
11457,0.271862,1.07391
11458,-0.0708405,1.00502
11459,-0.373262,1.13932
11460,-0.317821,1.10101
11461,-1.0349,2.07101
11462,-0.104186,1.01085
11463,-0.0752387,1.00566
11464,-0.878959,1.77257
11465,-0.825348,1.6812
11466,-0.045678,1.00209
11467,0.530059,1.28096
11468,-0.250264,1.06263
11469,-0.367695,1.1352
11470,-0.174277,1.03037
11471,-0.36879,1.13601
11472,-0.138029,1.01905
11473,-0.890357,1.79274
11474,-0.644333,1.41517
11475,0.147949,1.02189
11476,0.986861,1.97389
11477,0.391101,1.15296
11478,-0.238297,1.05679
11479,0.0182404,1.00033
11480,-0.222668,1.04958
11481,-0.188548,1.03555
11482,-0.195108,1.03807
11483,-0.932553,1.86965
11484,-1.12047,2.25545
11485,0.721034,1.51989
11486,0.193743,1.03754
11487,0,1
11488,-0.645542,1.41673
11489,-0.560449,1.3141
11490,-0.369487,1.13652
11491,-0.803248,1.64521
11492,-0.52788,1.27866
11493,-1.35586,2.83836
11494,-0.0992093,1.00984
11495,-0.745655,1.556
11496,-1.58345,3.5073
11497,-0.603783,1.36455
11498,-0.874298,1.7644
11499,-0.941366,1.88617
11500,-0.35541,1.12632
11501,-1.02254,2.04559
11502,-0.134077,1.01798
11503,-0.162574,1.02643
11504,-0.465312,1.21652
11505,-0.115116,1.01325
11506,-0.277538,1.07703
11507,-1.08671,2.18094
11508,-1.02756,2.05588
11509,-0.717985,1.5155
11510,-1.36065,2.85136
11511,-0.672993,1.45292
11512,-0.711067,1.50562
11513,-0.155351,1.02413
11514,-0.225165,1.0507
11515,-0.00636629,1.00004
11516,-0.305819,1.09352
11517,-0.573244,1.32861
11518,-0.10845,1.01176
11519,-0.343284,1.11784
11520,-0.869878,1.75669
11521,0.514879,1.2651
11522,0.068108,1.00464
11523,0.665481,1.44287
11524,0.488969,1.23909
11525,0.384777,1.14805
11526,0.266784,1.07117
11527,0.36708,1.13475
11528,0.373332,1.13938
11529,-0.659102,1.43442
11530,0.149309,1.02229
11531,0.0725202,1.00526
11532,0.209814,1.04402
11533,0.216038,1.04667
11534,-0.091018,1.00828
11535,0.214387,1.04596
11536,0.050874,1.00259
11537,0.198018,1.03921
11538,0.139567,1.01948
11539,-0.706234,1.49877
11540,0.0371805,1.00138
11541,-0.419097,1.17564
11542,0.0208238,1.00043
11543,0.0812631,1.0066
11544,0.0475261,1.00226
11545,-0.976988,1.95451
11546,-0.373688,1.13964
11547,-0.132233,1.01749
11548,-0.779987,1.60838
11549,-1.1722,2.37405
11550,-0.765308,1.5857
11551,-0.491287,1.24136
11552,-0.623143,1.38831
11553,0.0956102,1.00914
11554,-0.109867,1.01207
11555,-0.469418,1.22035
11556,0.0155309,1.00024
11557,-0.169073,1.02859
11558,-0.262098,1.0687
11559,-0.161385,1.02605
11560,-0.563191,1.31718
11561,-0.279275,1.07799
11562,-0.254678,1.06486
11563,-0.31825,1.10128
11564,-0.893369,1.79811
11565,0.135165,1.01827
11566,0.191308,1.0366
11567,-0.279325,1.07802
11568,-0.360764,1.13015
11569,-0.030341,1.00092
11570,-1.43436,3.05739
11571,0.131948,1.01741
11572,0.0612146,1.00375
11573,-0.259101,1.06713
11574,0.167769,1.02815
11575,0.104628,1.01095
11576,-1.30883,2.71304
11577,-0.66083,1.4367
11578,-0.868452,1.75421
11579,-1.13293,2.28353
11580,-0.739466,1.54681
11581,-0.410623,1.16861
11582,0.112272,1.0126
11583,-0.853017,1.72764
11584,-0.0241408,1.00058
11585,-0.129854,1.01686
11586,0.38909,1.15139
11587,0.295559,1.08735
11588,0.289504,1.08381
11589,0.538205,1.28966
11590,-0.326431,1.10656
11591,-0.158978,1.02527
11592,-0.381732,1.14572
11593,-0.377365,1.1424
11594,0.214836,1.04615
11595,0.297297,1.08839
11596,0.258808,1.06698
11597,0.0367163,1.00135
11598,-0.166568,1.02775
11599,-0.744333,1.55403
11600,-0.335906,1.11283
11601,0.127752,1.01632
11602,-0.215463,1.04642
11603,-0.456425,1.20832
11604,-1.03265,2.06637
11605,-0.697405,1.48637
11606,-1.31306,2.72413
11607,0.17186,1.02954
11608,-0.426315,1.18174
11609,-1.45838,3.12687
11610,-1.6179,3.61759
11611,-0.827997,1.68558
11612,-0.191677,1.03674
11613,0.0153675,1.00024
11614,-0.156773,1.02458
11615,-0.860007,1.73961
11616,-0.0663617,1.0044
11617,0.230247,1.05301
11618,-0.00879541,1.00008
11619,-1.23277,2.51972
11620,-0.955842,1.91363
11621,-1.4862,3.20878
11622,-0.141151,1.01992
11623,-0.0223759,1.0005
11624,-0.150125,1.02254
11625,-0.523941,1.27451
11626,-0.892721,1.79695
11627,-1.01575,2.03174
11628,0.179627,1.03227
11629,-0.35815,1.12827
11630,-0.026078,1.00068
11631,-0.0232494,1.00054
11632,0.151808,1.02305
11633,0.406293,1.16507
11634,-0.308826,1.09537
11635,0.164641,1.02711
11636,-0.274669,1.07544
11637,-0.104639,1.01095
11638,0.0860774,1.00741
11639,0.114009,1.013
11640,0.435867,1.18998
11641,0.0815987,1.00666
11642,0.145598,1.0212
11643,0.782448,1.61222
11644,0.18354,1.03369
11645,-0.831686,1.6917
11646,0.232284,1.05396
11647,-0.814994,1.66421
11648,-0.682921,1.46638
11649,-0.243772,1.05942
11650,-0.119696,1.01433
11651,0.416069,1.17311
11652,-0.532489,1.28354
11653,-1.10992,2.23191
11654,0.803037,1.64487
11655,0.631807,1.39918
11656,0,1
11657,-0.961065,1.92365
11658,-0.0584825,1.00342
11659,0.433898,1.18827
11660,0.777712,1.60484
11661,0.335336,1.11245
11662,0.012395,1.00015
11663,0.589823,1.34789
11664,-0.385227,1.1484
11665,0.683418,1.46706
11666,-0.052288,1.00273
11667,0.223988,1.05017
11668,0.116864,1.01366
11669,0.338964,1.1149
11670,-1.45551,3.11851
11671,-0.691867,1.47868
11672,-0.137015,1.01877
11673,0,1
11674,-1.45551,3.11851
11675,-1.95323,4.81509
11676,-0.116889,1.01366
11677,0,1
11678,-0.373848,1.13976
11679,0,1
11680,-0.262461,1.06889
11681,0,1
11682,0,1
11683,-0.926179,1.85781
11684,0.184356,1.03399
11685,0,1
11686,0,1
11687,0,1
11688,0.0444448,1.00198
11689,-0.149417,1.02233
11690,-1.56499,3.44918
11691,-1.58136,3.50071
11692,-1.04999,2.10248
11693,0.0100404,1.0001
11694,0.120246,1.01446
11695,0.308197,1.09499
11696,0.190774,1.03639
11697,-0.057362,1.00329
11698,-0.759927,1.57749
11699,-1.24701,2.55503
11700,0.169953,1.02888
11701,-1.60587,3.57881
11702,-0.134962,1.01821
11703,-0.740954,1.54901
11704,-0.449011,1.20161
11705,0.441691,1.19509
11706,-0.342464,1.11728
11707,-0.343479,1.11798
11708,-0.307462,1.09453
11709,-0.546486,1.29865
11710,-1.02337,2.04728
11711,-0.618763,1.38287
11712,-0.920508,1.84734
11713,-1.26761,2.60682
11714,-0.642206,1.41243
11715,-0.879616,1.77372
11716,-0.856509,1.73361
11717,-0.685697,1.47018
11718,-0.204124,1.04167
11719,-0.400588,1.16047
11720,-0.461925,1.21337
11721,-0.896198,1.80317
11722,-1.55474,3.41722
11723,-0.711408,1.5061
11724,-0.540821,1.29249
11725,0.350764,1.12304
11726,-0.803177,1.64509
11727,0,1
11728,-0.147363,1.02172
11729,-0.0699867,1.0049
11730,-0.0416282,1.00173
11731,0,1
11732,-0.205597,1.04227
11733,0.0648771,1.00421
11734,-1.04999,2.10248
11735,-0.0610668,1.00373
11736,-0.896376,1.80349
11737,-0.120422,1.0145
11738,-0.115374,1.01331
11739,-0.00761887,1.00006
11740,-0.585547,1.34287
11741,0.211842,1.04488
11742,0.367411,1.13499
11743,-1.04667,2.09551
11744,-0.107219,1.0115
11745,0.179258,1.03213
11746,0.416145,1.17318
11747,-0.192549,1.03708
11748,0.00691437,1.00005
11749,-0.973155,1.94703
11750,-0.285625,1.08158
11751,-0.132039,1.01743
11752,0.314531,1.09893
11753,-1.16682,2.36147
11754,-0.478842,1.22929
11755,-1.7777,4.1602
11756,-0.0777659,1.00605
11757,0.595761,1.35493
11758,0.0348339,1.00121
11759,0.190763,1.03639
11760,0.400761,1.16061
11761,-0.0271776,1.00074
11762,0.0517814,1.00268
11763,-1.14292,2.30628
11764,-0.91531,1.83779
11765,-1.36385,2.86008
11766,0.768987,1.59134
11767,0.228695,1.0523
11768,-0.1531,1.02344
11769,0.275387,1.07584
11770,0.48427,1.23452
11771,-0.477302,1.22782
11772,-1.27579,2.62764
11773,-0.635469,1.40382
11774,-0.890611,1.79319
11775,0.402986,1.1624
11776,0,1
11777,-0.46127,1.21277
11778,0.103402,1.01069
11779,-0.697414,1.48639
11780,0.464092,1.21538
11781,0.747798,1.5592
11782,-0.40544,1.16438
11783,-0.417023,1.17391
11784,-0.718366,1.51605
11785,-0.791387,1.62629
11786,0.681229,1.46407
11787,0.651418,1.42435
11788,-0.317204,1.10062
11789,-0.211031,1.04453
11790,0.272309,1.07415
11791,-0.481454,1.2318
11792,-0.630783,1.39789
11793,0.452906,1.20512
11794,-0.291586,1.08502
11795,-1.38666,2.92283
11796,-0.610698,1.37295
11797,-0.368673,1.13592
11798,-0.223134,1.04979
11799,0.340418,1.11588
11800,-1.71157,3.92948
11801,-0.0800425,1.00641
11802,-0.110019,1.0121
11803,-0.260322,1.06777
11804,0.175853,1.03092
11805,0.0230402,1.00053
11806,0.0670698,1.0045
11807,-0.872394,1.76107
11808,0.758849,1.57585
11809,0.306232,1.09378
11810,0.0600975,1.00361
11811,-0.844359,1.71294
11812,0.234234,1.05487
11813,-0.543498,1.29539
11814,0.735066,1.54032
11815,0.273977,1.07506
11816,0.300876,1.09053
11817,0.81769,1.66862
11818,-0.247565,1.06129
11819,-0.553356,1.3062
11820,-0.264366,1.06989
11821,-0.808421,1.65355
11822,-0.83179,1.69187
11823,0.0823276,1.00678
11824,-0.811664,1.6588
11825,-1.87342,4.50972
11826,-0.644635,1.41555
11827,-0.0907543,1.00824
11828,0.00678862,1.00005
11829,-0.615119,1.37837
11830,-1.08394,2.17492
11831,-0.644004,1.41474
11832,-0.692314,1.4793
11833,-0.33119,1.10969
11834,-0.63666,1.40534
11835,-0.59085,1.3491
11836,-1.21721,2.48161
11837,-1.56158,3.43854
11838,-1.66401,3.76893
11839,-1.8381,4.3786
11840,-1.93893,4.75945
11841,-0.271589,1.07376
11842,-1.02539,2.05142
11843,-1.603,3.56962
11844,-0.793342,1.62939
11845,-0.0913457,1.00834
11846,-0.965481,1.93215
11847,0.167011,1.02789
11848,0.198297,1.03932
11849,-1.38343,2.91388
11850,-0.27211,1.07404
11851,-0.0603068,1.00364
11852,0.28302,1.0801
11853,0.519123,1.26949
11854,-0.200642,1.04026
11855,0.409681,1.16784
11856,-0.888535,1.78949
11857,-0.646999,1.41861
11858,0.192651,1.03711
11859,-0.759487,1.57682
11860,-0.0313197,1.00098
11861,-1.23994,2.53745
11862,-0.440812,1.19431
11863,0.0862492,1.00744
11864,-0.0650866,1.00424
11865,-1.05405,2.11101
11866,-0.402036,1.16163
11867,-0.692105,1.47901
11868,-0.939993,1.88359
11869,-1.49763,3.2429
11870,-0.328182,1.1077
11871,-0.179706,1.03229
11872,-0.769561,1.59222
11873,-0.410654,1.16864
11874,-0.564202,1.31832
11875,-0.43939,1.19306
11876,-0.264089,1.06974
11877,-0.141481,1.02002
11878,-0.940856,1.88521
11879,-1.46787,3.15464
11880,0.00363202,1.00001
11881,-0.233272,1.05442
11882,0.12218,1.01493
11883,-0.515884,1.26614
11884,-0.15673,1.02456
11885,-0.835735,1.69845
11886,-0.757974,1.57452
11887,-0.437871,1.19173
11888,-0.465906,1.21707
11889,-0.471159,1.22199
11890,-0.234842,1.05515
11891,0.00843952,1.00007
11892,-0.469518,1.22045
11893,0.0216797,1.00047
11894,0.146656,1.02151
11895,0.720537,1.51917
11896,0.100519,1.0101
11897,-0.126439,1.01599
11898,-0.469379,1.22032
11899,0.278332,1.07747
11900,0.0667148,1.00445
11901,0.165408,1.02736
11902,-0.793546,1.62972
11903,-0.964045,1.92938
11904,-0.522719,1.27323
11905,-1.22873,2.50978
11906,-1.88276,4.54479
11907,-1.49698,3.24095
11908,-0.962539,1.92648
11909,-1.83002,4.34898
11910,-0.391866,1.15356
11911,-0.220777,1.04874
11912,-0.16248,1.0264
11913,-1.28665,2.65547
11914,-0.184008,1.03386
11915,-1.04737,2.09699
11916,-0.374421,1.14019
11917,-1.26984,2.61249
11918,-1.51303,3.28926
11919,-1.76991,4.13257
11920,-0.114206,1.01304
11921,-0.84806,1.71921
11922,-1.48439,3.20341
11923,-0.0560488,1.00314
11924,0.363254,1.13195
11925,-0.793064,1.62895
11926,-0.310338,1.09631
11927,-0.159845,1.02555
11928,-0.975094,1.95081
11929,-0.626238,1.39217
11930,-1.14966,2.32172
11931,-0.0984285,1.00969
11932,-0.28077,1.07883
11933,-0.248271,1.06164
11934,-1.3208,2.7445
11935,-0.485613,1.23582
11936,-1.23519,2.5257
11937,0.880932,1.77604
11938,0.154051,1.02373
11939,-0.146932,1.02159
11940,-0.572967,1.32829
11941,-1.04999,2.10248
11942,-0.52961,1.28049
11943,-1.77255,4.14193
11944,-0.784737,1.61581
11945,0.38483,1.14809
11946,0,1
11947,-0.12053,1.01453
11948,-0.848773,1.72042
11949,-0.685302,1.46964
11950,0.572787,1.32808
11951,0.500966,1.25097
11952,0.103973,1.01081
11953,-0.247325,1.06117
11954,-0.80309,1.64495
11955,-1.29896,2.68729
11956,-0.0218483,1.00048
11957,-0.962821,1.92702
11958,0.541234,1.29293
11959,0.219703,1.04827
11960,1.26,2.58759
11961,-0.694454,1.48227
11962,-0.708228,1.50159
11963,-0.218364,1.04768
11964,-0.560151,1.31377
11965,0,1
11966,-0.806398,1.65028
11967,-0.149097,1.02223
11968,0.336972,1.11355
11969,0.495273,1.2453
11970,-0.666017,1.44358
11971,-1.55833,3.42839
11972,-1.78784,4.19636
11973,-1.79197,4.21115
11974,-0.56138,1.31515
11975,-0.128114,1.01641
11976,-0.330798,1.10943
11977,-0.437398,1.19132
11978,-0.903097,1.81558
11979,-1.22126,2.49147
11980,-1.19743,2.43384
11981,-0.583597,1.34059
11982,-1.30668,2.70741
11983,-1.21307,2.47155
11984,-0.165982,1.02755
11985,-0.138025,1.01905
11986,0.110031,1.01211
11987,-0.667589,1.44568
11988,-0.799684,1.63949
11989,-0.76029,1.57804
11990,-0.566006,1.32036
11991,-1.04968,2.10183
11992,-0.76461,1.58463
11993,-1.69098,3.85943
11994,-1.65474,3.73815
11995,0.0495062,1.00245
11996,-0.197184,1.03888
11997,-0.520231,1.27064
11998,-0.374738,1.14043
11999,0.337567,1.11395
12000,0.265292,1.07038
12001,-0.739853,1.54738
12002,-0.68798,1.47332
12003,-0.612919,1.37567
12004,0,1
12005,-1.38224,2.91058
12006,-1.31988,2.74207
12007,-0.04998,1.0025
12008,-0.227775,1.05188
12009,-1.40101,2.96284
12010,-0.223764,1.05007
12011,-0.332732,1.11071
12012,-1.91096,4.65177
12013,-0.845213,1.71439
12014,-0.0309731,1.00096
12015,-0.851646,1.7253
12016,-1.02461,2.04983
12017,-0.421806,1.17792
12018,-0.530227,1.28114
12019,0.352555,1.1243
12020,-0.73261,1.53672
12021,0,1
12022,0.385667,1.14874
12023,-1.11189,2.23631
12024,-0.359765,1.12943
12025,-1.4451,3.0883
12026,0.168316,1.02833
12027,0.0479825,1.0023
12028,0.692194,1.47913
12029,-0.188621,1.03558
12030,-0.221472,1.04905
12031,-0.958169,1.91809
12032,0.486153,1.23634
12033,-0.648002,1.41991
12034,-0.186233,1.03468
12035,0.0290739,1.00085
12036,0.281009,1.07897
12037,0.265691,1.07059
12038,-0.449596,1.20214
12039,-0.474031,1.22471
12040,0.0464422,1.00216
12041,-0.0499898,1.0025
12042,0.256514,1.0658
12043,-0.646561,1.41804
12044,-0.587689,1.34538
12045,0,1
12046,-0.733404,1.53788
12047,-0.427022,1.18235
12048,-0.424357,1.18008
12049,-0.372093,1.13845
12050,0.199769,1.03991
12051,0.358678,1.12865
12052,0,1
12053,0.106892,1.01143
12054,-0.963364,1.92807
12055,-0.552156,1.30488
12056,0.363409,1.13207
12057,-0.311827,1.09724
12058,0,1
12059,-0.993543,1.98713
12060,0,1
12061,0,1
12062,-0.451117,1.20351
12063,-0.877272,1.76961
12064,0.517915,1.26824
12065,-0.833914,1.69541
12066,0.674214,1.45456
12067,0.422097,1.17817
12068,0.385231,1.1484
12069,0.529272,1.28013
12070,-0.525132,1.27576
12071,-1.64455,3.70453
12072,-0.603786,1.36456
12073,-0.881023,1.7762
12074,-0.306546,1.09397
12075,0.330782,1.10942
12076,-0.624385,1.38986
12077,0.0959781,1.00921
12078,0.0651028,1.00424
12079,-0.249868,1.06243
12080,-0.205149,1.04209
12081,0.578069,1.33416
12082,-0.444593,1.19766
12083,0.0063804,1.00004
12084,-0.0053183,1.00003
12085,-0.22597,1.05106
12086,-0.853765,1.72891
12087,0.0292074,1.00085
12088,-1.14383,2.30835
12089,-0.0377739,1.00143
12090,-0.0125493,1.00016
12091,-0.273245,1.07466
12092,-0.517133,1.26743
12093,-0.891288,1.79439
12094,-0.717019,1.51412
12095,-0.613918,1.37689
12096,-0.363927,1.13244
12097,-0.0712792,1.00508
12098,-0.421519,1.17768
12099,-1.2729,2.62028
12100,-1.69248,3.86448
12101,0.277341,1.07692
12102,-0.154681,1.02393
12103,-0.475813,1.2264
12104,-0.357855,1.12806
12105,0.433405,1.18784
12106,-0.175708,1.03087
12107,-0.613977,1.37697
12108,-0.366523,1.13434
12109,-0.559989,1.31359
12110,-0.62291,1.38802
12111,0.201335,1.04054
12112,-1.75727,4.08799
12113,-0.692438,1.47947
12114,-0.296043,1.08764
12115,-0.694441,1.48225
12116,-0.40066,1.16053
12117,0.318051,1.10116
12118,-0.196417,1.03858
12119,0.273992,1.07507
12120,-0.466921,1.21802
12121,0.32458,1.10535
12122,-0.155977,1.02433
12123,-0.33187,1.11014
12124,-0.870823,1.75833
12125,-1.0704,2.14576
12126,0.126818,1.01608
12127,0.41289,1.17048
12128,0.0624455,1.0039
12129,-0.398831,1.15907
12130,0.416714,1.17365
12131,-0.672737,1.45258
12132,-0.209241,1.04378
12133,-0.478964,1.22941
12134,0.49495,1.24498
12135,-0.364235,1.13267
12136,-1.03813,2.07772
12137,0,1
12138,0.014152,1.0002
12139,0.497193,1.2472
12140,-0.215618,1.04649
12141,0,1
12142,-0.659943,1.43552
12143,0.393156,1.15457
12144,0.0252813,1.00064
12145,-0.474393,1.22505
12146,-0.259099,1.06713
12147,0.136521,1.01864
12148,-0.523204,1.27374
12149,0.651431,1.42436
12150,0.278157,1.07737
12151,-0.480095,1.23049
12152,-0.92898,1.863
12153,0.145186,1.02108
12154,0.269027,1.07238
12155,0,1
12156,-0.613547,1.37644
12157,0.15978,1.02553
12158,-1.47391,3.1724
12159,-0.471711,1.22251
12160,-0.789668,1.62358
12161,-0.418956,1.17552
12162,-0.622243,1.38719
12163,0.103038,1.01062
12164,-0.0936566,1.00877
12165,0.334042,1.11158
12166,-0.379355,1.14391
12167,-0.579387,1.33569
12168,-0.0832927,1.00694
12169,-0.359628,1.12933
12170,-1.10591,2.22303
12171,-0.355698,1.12652
12172,-1.3064,2.70668
12173,0.290973,1.08467
12174,-0.684676,1.46878
12175,-0.423937,1.17972
12176,-1.2294,2.51143
12177,-1.45502,3.11709
12178,0.206444,1.04262
12179,-0.734544,1.53956
12180,-0.600208,1.36025
12181,-0.518569,1.26891
12182,0.223241,1.04984
12183,0.700916,1.49128
12184,0.0999008,1.00998
12185,0.489511,1.23962
12186,0.359255,1.12906
12187,0.0522334,1.00273
12188,0.829588,1.68822
12189,0.483681,1.23395
12190,-1.15958,2.34462
12191,-0.212799,1.04528
12192,-0.701672,1.49234
12193,-0.120986,1.01464
12194,-0.770593,1.59381
12195,-0.104007,1.01082
12196,0.311669,1.09714
12197,-1.09103,2.19035
12198,-0.587178,1.34478
12199,-1.04999,2.10248
12200,-0.122588,1.01503
12201,0.127236,1.01619
12202,0.356836,1.12733
12203,-0.26672,1.07114
12204,-0.25346,1.06424
12205,-1.53535,3.35729
12206,-0.409751,1.1679
12207,0.186898,1.03493
12208,-0.733938,1.53866
12209,-0.567094,1.3216
12210,-0.0706514,1.00499
12211,-1.63891,3.68603
12212,-0.806685,1.65074
12213,-0.494123,1.24416
12214,0.210944,1.0445
12215,-0.630057,1.39697
12216,-0.224535,1.05042
12217,-0.189862,1.03605
12218,0.44642,1.19929
12219,0.78398,1.61462
12220,0.0253128,1.00064
12221,0.0240205,1.00058
12222,-0.379445,1.14398
12223,-0.0931615,1.00868
12224,-0.468586,1.21957
12225,-0.35025,1.12268
12226,-0.280582,1.07873
12227,-0.325268,1.1058
12228,-0.665148,1.44242
12229,-0.583027,1.33992
12230,-0.462857,1.21424
12231,-0.0259495,1.00067
12232,-0.294628,1.08681
12233,0.346018,1.11973
12234,-1.7023,3.89783
12235,-1.01242,2.02499
12236,0.0541895,1.00294
12237,-0.315809,1.09974
12238,-0.409384,1.16759
12239,-0.109573,1.01201
12240,-0.936372,1.87679
12241,-0.322005,1.10369
12242,-0.55815,1.31153
12243,-1.20936,2.46256
12244,-0.657574,1.4324
12245,0.563761,1.31783
12246,-0.597427,1.35692
12247,-0.894238,1.79966
12248,0.383524,1.14709
12249,-0.600142,1.36017
12250,-0.85855,1.73711
12251,-0.670862,1.45006
12252,0.267474,1.07154
12253,-0.652823,1.42618
12254,0.254975,1.06501
12255,-1.63468,3.67218
12256,-1.99652,4.9861
12257,-0.593218,1.35191
12258,-0.0301067,1.00091
12259,-0.506991,1.25704
12260,-0.296348,1.08782
12261,0.64826,1.42024
12262,-0.732746,1.53692
12263,-0.946832,1.89649
12264,-1.7739,4.14672
12265,-1.09447,2.19787
12266,-0.954449,1.91097
12267,0.379615,1.14411
12268,0.242105,1.05861
12269,-0.37163,1.13811
12270,0.171005,1.02924
12271,-0.996599,1.99321
12272,-0.994702,1.98943
12273,-1.73518,4.01086
12274,-1.88306,4.54591
12275,-2.02152,5.08653
12276,0.484972,1.2352
12277,0.127074,1.01615
12278,-0.98145,1.96324
12279,-0.562678,1.31661
12280,-0.856019,1.73277
12281,0.375209,1.14078
12282,-0.603837,1.36462
12283,-0.455277,1.20728
12284,-1.14,2.29959
12285,-1.44909,3.09986
12286,-0.61644,1.38
12287,0.288738,1.08337
12288,-0.577059,1.333
12289,0,1
12290,0.0279184,1.00078
12291,-0.111903,1.01252
12292,-0.985073,1.97037
12293,-0.255186,1.06512
12294,-0.272182,1.07408
12295,0,1
12296,0.752076,1.56562
12297,-0.687625,1.47283
12298,0.0278437,1.00078
12299,-0.0729176,1.00532
12300,0.422914,1.17886
12301,-0.309631,1.09587
12302,-2.99967,9.99801
12303,-0.241742,1.05844
12304,0.368184,1.13556
12305,0.479085,1.22952
12306,-0.679117,1.4612
12307,-0.677968,1.45964
12308,-1.10714,2.22577
12309,0.237601,1.05645
12310,-0.690622,1.47696
12311,-1.29005,2.66422
12312,-1.25142,2.56606
12313,-0.843634,1.71172
12314,0.14597,1.02131
12315,0.714909,1.51109
12316,0.686786,1.47168
12317,-0.343888,1.11826
12318,-0.411623,1.16943
12319,-0.944888,1.89281
12320,0.312338,1.09755
12321,-0.700533,1.49075
12322,-0.409652,1.16782
12323,0.133567,1.01784
12324,-0.178085,1.03171
12325,-1.295,2.67702
12326,-0.0655387,1.0043
12327,0.0212496,1.00045
12328,0.368799,1.13601
12329,0.202119,1.04085
12330,-0.685545,1.46997
12331,-0.0518665,1.00269
12332,-0.359118,1.12897
12333,-0.920643,1.84758
12334,-0.53633,1.28765
12335,-1.31243,2.72248
12336,-0.143418,1.02057
12337,-0.0936759,1.00878
12338,-0.439346,1.19303
12339,-0.758586,1.57545
12340,0.00221125,1
12341,-1.00371,2.00744
12342,-0.164189,1.02696
12343,-1.19683,2.4324
12344,-0.994794,1.98962
12345,-0.86982,1.75659
12346,-0.137394,1.01888
12347,0.25242,1.06372
12348,-0.0313782,1.00098
12349,-1.04955,2.10156
12350,-0.651926,1.42501
12351,-0.820317,1.67292
12352,-0.434312,1.18863
12353,-0.210707,1.0444
12354,-0.122485,1.015
12355,-0.754413,1.56914
12356,-0.0861224,1.00742
12357,-0.88899,1.7903
12358,-0.434259,1.18858
12359,-1.14605,2.31343
12360,-1.52488,3.32526
12361,0.145878,1.02128
12362,1.08745,2.18255
12363,-1.21218,2.46937
12364,-1.23851,2.5339
12365,0.450554,1.203
12366,0.27285,1.07445
12367,0,1
12368,-0.224028,1.05019
12369,0.123898,1.01535
12370,-0.326759,1.10677
12371,-1.08375,2.17451
12372,0.0549249,1.00302
12373,0.0557864,1.00311
12374,0.462106,1.21354
12375,0.52168,1.27215
12376,0.320253,1.10256
12377,0.67286,1.45274
12378,0.329584,1.10863
12379,0.17307,1.02995
12380,-0.0587844,1.00346
12381,0.401425,1.16114
12382,0.734834,1.53998
12383,-0.18641,1.03475
12384,0.551783,1.30446
12385,-0.216259,1.04677
12386,-0.0261086,1.00068
12387,0.913609,1.83468
12388,0.823726,1.67853
12389,0.40756,1.16611
12390,0.0437438,1.00191
12391,-0.817972,1.66908
12392,0.66704,1.44494
12393,0.55666,1.30987
12394,0.751566,1.56485
12395,0.206461,1.04263
12396,0.0346448,1.0012
12397,0.540453,1.29209
12398,0.00970633,1.00009
12399,-0.481545,1.23189
12400,0.208432,1.04344
12401,0.414321,1.17166
12402,-0.86497,1.74817
12403,0.196201,1.03849
12404,0.371961,1.13836
12405,0.296014,1.08762
12406,0.28294,1.08006
12407,-1.24887,2.55969
12408,0.39698,1.15759
12409,0.203381,1.04136
12410,-1.20881,2.46121
12411,0,1
12412,-1.86441,4.47602
12413,-0.443736,1.1969
12414,0,1
12415,0,1
12416,0.490959,1.24104
12417,-0.676965,1.45828
12418,-0.765638,1.5862
12419,-0.078839,1.00622
12420,0.0955444,1.00913
12421,-0.0106399,1.00011
12422,-1.60859,3.58757
12423,0.504533,1.25455
12424,0.20125,1.0405
12425,0.108638,1.0118
12426,0.319033,1.10178
12427,0.412356,1.17004
12428,0.235163,1.0553
12429,0.392417,1.15399
12430,0.520583,1.27101
12431,-1.76982,4.13225
12432,-0.525183,1.27582
12433,-0.500296,1.2503
12434,-0.534056,1.28522
12435,-0.688039,1.4734
12436,-1.28805,2.65908
12437,0,1
12438,0.219021,1.04797
12439,-1.42807,3.03939
12440,0.443175,1.1964
12441,-0.180911,1.03273
12442,-0.15878,1.02521
12443,-1.19207,2.42103
12444,0.0785647,1.00617
12445,0.122022,1.01489
12446,-0.0935936,1.00876
12447,-0.396636,1.15732
12448,-0.0216674,1.00047
12449,-1.17299,2.3759
12450,0.10564,1.01116
12451,0.0770825,1.00594
12452,-1.29793,2.68461
12453,-0.185984,1.03459
12454,0.544067,1.29601
12455,-0.110214,1.01215
12456,0.810722,1.65727
12457,0.580849,1.33739
12458,-1.933,4.73648
12459,0.452495,1.20475
12460,-0.32398,1.10496
12461,-1.1089,2.22965
12462,-0.243577,1.05933
12463,0.503895,1.25391
12464,0.467756,1.2188
12465,0.166917,1.02786
12466,0,1
12467,0.166483,1.02772
12468,0.0932367,1.00869
12469,-0.086072,1.00741
12470,-0.639048,1.40838
12471,-0.612355,1.37498
12472,-0.214331,1.04594
12473,-0.44216,1.19551
12474,-1.06421,2.13254
12475,-0.102665,1.01054
12476,0.388315,1.15079
12477,-0.101915,1.01039
12478,-0.804174,1.6467
12479,0.873575,1.76313
12480,0,1
12481,-1.19243,2.42188
12482,-0.205577,1.04226
12483,-1.75518,4.08066
12484,-2.27974,6.19722
12485,0.19732,1.03894
12486,-0.324493,1.1053
12487,0.881776,1.77753
12488,-1.47657,3.18027
12489,-0.0284194,1.00081
12490,-0.300751,1.09045
12491,0.11861,1.01407
12492,0.577284,1.33326
12493,-0.334649,1.11199
12494,0.466923,1.21802
12495,0.723944,1.5241
12496,0.255862,1.06547
12497,-0.254062,1.06455
12498,-1.85987,4.45913
12499,-1.98951,4.95816
12500,-1.79845,4.23443
12501,0.288994,1.08352
12502,-0.403506,1.16282
12503,-0.026986,1.00073
12504,0.0425854,1.00181
12505,-1.15669,2.33793
12506,-0.275438,1.07587
12507,-0.30309,1.09186
12508,-0.561458,1.31523
12509,0.124493,1.0155
12510,-0.58234,1.33912
12511,-1.62468,3.63959
12512,-0.167265,1.02798
12513,0.0472411,1.00223
12514,-0.0355716,1.00127
12515,-1.32355,2.75179
12516,0,1
12517,0.269445,1.0726
12518,0.287151,1.08246
12519,0.414785,1.17205
12520,-0.828013,1.68561
12521,-1.15913,2.34358
12522,0.634528,1.40263
12523,0.149481,1.02234
12524,0.356092,1.1268
12525,0.317004,1.10049
12526,0.291059,1.08472
12527,-0.182975,1.03348
12528,0.210832,1.04445
12529,0.197095,1.03885
12530,-0.390007,1.15211
12531,0.252884,1.06395
12532,0.558233,1.31162
12533,0.188704,1.03561
12534,0.709117,1.50285
12535,0.0803471,1.00646
12536,0.349879,1.12242
12537,0,1
12538,-0.0934108,1.00873
12539,-0.246685,1.06085
12540,0.518374,1.26871
12541,-0.0437872,1.00192
12542,-0.871292,1.75915
12543,-0.0130232,1.00017
12544,-0.0941417,1.00886
12545,0.505013,1.25504
12546,0.862573,1.74403
12547,0.608093,1.36978
12548,0.73629,1.54212
12549,0.659584,1.43505
12550,0.152574,1.02328
12551,0.293522,1.08616
12552,0.598206,1.35785
12553,0.44618,1.19908
12554,0.45464,1.2067
12555,0.297202,1.08833
12556,-0.296223,1.08775
12557,0.18414,1.03391
12558,0.0763403,1.00583
12559,0.0621379,1.00386
12560,-0.451682,1.20402
12561,0.278773,1.07771
12562,0.232059,1.05385
12563,-0.176776,1.03125
12564,-0.152051,1.02312
12565,0.0596393,1.00356
12566,-0.310223,1.09624
12567,-4.88514e-05,1
12568,0.156647,1.02454
12569,-0.224331,1.05032
12570,-0.976471,1.9535
12571,0.60233,1.3628
12572,-0.395262,1.15623
12573,-0.879557,1.77362
12574,-0.21941,1.04814
12575,0.0292983,1.00086
12576,-1.40314,2.9688
12577,-0.576033,1.33181
12578,0.220752,1.04873
12579,-0.15763,1.02485
12580,-1.11818,2.25033
12581,-0.219339,1.04811
12582,-0.0182082,1.00033
12583,0.438975,1.1927
12584,-0.28922,1.08365
12585,-0.0280888,1.00079
12586,0.200458,1.04018
12587,-1.16067,2.34716
12588,-0.248316,1.06166
12589,0.0244714,1.0006
12590,0.259128,1.06715
12591,0.832663,1.69333
12592,0.384481,1.14783
12593,-0.236996,1.05617
12594,0.14604,1.02133
12595,-0.357847,1.12805
12596,-0.402805,1.16225
12597,0.16051,1.02576
12598,-0.405063,1.16408
12599,-0.162521,1.02641
12600,0.134567,1.01811
12601,-0.353748,1.12514
12602,-0.236806,1.05608
12603,-0.814323,1.66312
12604,0.549266,1.30169
12605,0.365604,1.13367
12606,-1.23481,2.52476
12607,0.104488,1.01092
12608,-1.70845,3.91879
12609,0.446777,1.19961
12610,-0.028062,1.00079
12611,-0.204871,1.04197
12612,-0.196718,1.0387
12613,-0.71013,1.50428
12614,-0.500762,1.25076
12615,0.0338784,1.00115
12616,0.205008,1.04203
12617,0.321388,1.10329
12618,-0.0973915,1.00949
12619,-1.0498,2.10209
12620,0.13672,1.01869
12621,-0.262847,1.06909
12622,-0.897584,1.80566
12623,-2.4129,6.82207
12624,0.0828885,1.00687
12625,0.218165,1.0476
12626,-0.0201985,1.00041
12627,0,1
12628,0.396251,1.15702
12629,1.28837,2.65989
12630,-0.464202,1.21548
12631,-0.0962381,1.00926
12632,0.145957,1.0213
12633,-0.0912997,1.00834
12634,-1.02801,2.05681
12635,0.277341,1.07692
12636,-0.122565,1.01502
12637,-1.33705,2.78771
12638,0.14037,1.0197
12639,0.443617,1.1968
12640,0.0407674,1.00166
12641,-0.573567,1.32898
12642,-0.194167,1.0377
12643,-0.112352,1.01262
12644,-0.501733,1.25174
12645,0.218802,1.04787
12646,0.0278706,1.00078
12647,-1.44246,3.08068
12648,0,1
12649,0.514441,1.26465
12650,0,1
12651,-0.251529,1.06327
12652,0,1
12653,0.663581,1.44034
12654,-0.291694,1.08509
12655,0.538178,1.28964
12656,-0.239695,1.05745
12657,0.336178,1.11302
12658,0.418542,1.17518
12659,-1.45551,3.11851
12660,0.102884,1.01059
12661,0.0800613,1.00641
12662,-1.24064,2.53918
12663,-0.347652,1.12086
12664,-0.368413,1.13573
12665,-0.840079,1.70573
12666,-2.45449,7.02451
12667,0.249622,1.06231
12668,-0.024523,1.0006
12669,-0.870929,1.75852
12670,0.0243965,1.0006
12671,-0.274297,1.07524
12672,-0.228278,1.05211
12673,-0.535842,1.28713
12674,-0.170442,1.02905
12675,-0.34593,1.11967
12676,-0.342331,1.11719
12677,-1.04999,2.10248
12678,-0.00512136,1.00003
12679,0.579899,1.33628
12680,-0.0103328,1.00011
12681,0.590762,1.349
12682,-0.933304,1.87106
12683,0,1
12684,0,1
12685,-1.46966,3.15991
12686,0.308133,1.09495
12687,0.178322,1.0318
12688,0,1
12689,0.47851,1.22897
12690,1.34128,2.79903
12691,0,1
12692,-0.455713,1.20767
12693,-0.436002,1.1901
12694,-1.82562,4.33288
12695,-1.43524,3.0599
12696,-1.2202,2.48888
12697,-0.212758,1.04527
12698,0.113686,1.01292
12699,0.0215986,1.00047
12700,-1.0555,2.11408
12701,0.0889535,1.00791
12702,1.23777,2.53208
12703,0.350054,1.12254
12704,-0.414115,1.17149
12705,-1.0163,2.03287
12706,-0.44707,1.19987
12707,-0.147047,1.02162
12708,-0.189616,1.03595
12709,0.145019,1.02103
12710,0.00858589,1.00007
12711,-0.672876,1.45276
12712,0.0937602,1.00879
12713,0.144791,1.02096
12714,-0.741718,1.55015
12715,-0.818219,1.66948
12716,-0.223234,1.04983
12717,0.162708,1.02647
12718,-0.0738,1.00545
12719,-0.515269,1.2655
12720,-0.392735,1.15424
12721,-0.486958,1.23713
12722,0.599907,1.35989
12723,0.187324,1.03509
12724,0.127205,1.01618
12725,-1.83115,4.3531
12726,-0.435716,1.18985
12727,-0.278934,1.0778
12728,0.288414,1.08318
12729,-0.255304,1.06518
12730,-0.875801,1.76703
12731,-0.458509,1.21023
12732,0.024313,1.00059
12733,-0.9648,1.93084
12734,0.0454405,1.00206
12735,0,1
12736,0,1
12737,-0.0978681,1.00958
12738,0.504905,1.25493
12739,0.0161948,1.00026
12740,-0.0511419,1.00262
12741,0.187331,1.03509
12742,-0.883115,1.77989
12743,-1.34313,2.80399
12744,-0.804073,1.64653
12745,-0.629131,1.39581
12746,0.291473,1.08496
12747,-0.122166,1.01492
12748,-1.92435,4.70314
12749,0.239881,1.05754
12750,-0.0774748,1.006
12751,-0.95649,1.91487
12752,0.441045,1.19452
12753,0.252367,1.06369
12754,-0.600089,1.36011
12755,-0.122595,1.01503
12756,-1.30611,2.70592
12757,-0.324593,1.10536
12758,-0.240782,1.05798
12759,-0.146236,1.02138
12760,-0.0501929,1.00252
12761,0.0682806,1.00466
12762,0.00819118,1.00007
12763,0.653159,1.42662
12764,0.846567,1.71668
12765,-0.353437,1.12492
12766,0.0860356,1.0074
12767,0.299924,1.08995
12768,0.20481,1.04195
12769,-2.04999,5.20246
12770,-1.34713,2.81476
12771,-0.204132,1.04167
12772,-1.52776,3.33406
12773,-0.816692,1.66699
12774,0.391823,1.15353
12775,-0.104794,1.01098
12776,-0.480484,1.23086
12777,-0.00588696,1.00003
12778,-1.04999,2.10248
12779,-1.09647,2.20226
12780,1.00405,2.00811
12781,-0.881107,1.77635
12782,-1.1976,2.43424
12783,-0.7457,1.55607
12784,-0.0455268,1.00207
12785,0.267555,1.07159
12786,0.312475,1.09764
12787,0.23793,1.05661
12788,-1.18859,2.41275
12789,0,1
12790,-0.199967,1.03999
12791,0.550689,1.30326
12792,-0.888544,1.78951
12793,-0.67081,1.44999
12794,-0.352413,1.12419
12795,0.950891,1.90419
12796,0.230684,1.05322
12797,-0.610547,1.37277
12798,0.479452,1.22987
12799,0.304306,1.0926
12800,-1.15788,2.34068
12801,-0.991673,1.98342
12802,-0.525817,1.27648
12803,-0.796634,1.63463
12804,0.433387,1.18782
12805,0,1
12806,-0.103342,1.01068
12807,0.445608,1.19857
12808,-0.488375,1.23851
12809,-0.985639,1.97148
12810,0.446503,1.19937
12811,-1.03872,2.07895
12812,-0.730723,1.53396
12813,0,1
12814,0.273921,1.07503
12815,0.101614,1.01033
12816,0.532563,1.28362
12817,0.372399,1.13868
12818,0.244953,1.06
12819,0.416191,1.17322
12820,0.455326,1.20732
12821,0.402292,1.16184
12822,0.594208,1.35308
12823,0.243774,1.05943
12824,-0.159808,1.02554
12825,0.173521,1.03011
12826,0,1
12827,-0.115646,1.01337
12828,0.188193,1.03542
12829,-0.0361808,1.00131
12830,-1.12734,2.27089
12831,-0.879208,1.77301
12832,-0.226027,1.05109
12833,-1.45551,3.11851
12834,0.317619,1.10088
12835,-0.0218161,1.00048
12836,0.446085,1.19899
12837,-0.385506,1.14862
12838,-0.611869,1.37438
12839,3.00405,10.0243
12840,0,1
12841,0.233353,1.05445
12842,-1.01309,2.02636
12843,0.195035,1.03804
12844,-0.869988,1.75688
12845,-0.873622,1.76321
12846,-0.898148,1.80667
12847,-1.72239,3.96662
12848,-1.31349,2.72525
12849,-1.60166,3.5653
12850,-1.45165,3.1073
12851,-0.88802,1.78858
12852,-0.71221,1.50724
12853,0.287837,1.08285
12854,0.149666,1.0224
12855,-0.0586702,1.00344
12856,-0.392154,1.15379
12857,-1.02931,2.05948
12858,-1.41275,2.99586
12859,-0.193784,1.03755
12860,-0.846038,1.71578
12861,-0.182164,1.03318
12862,0.296854,1.08812
12863,0.186498,1.03478
12864,-0.837234,1.70096
12865,0.257049,1.06607
12866,-0.339972,1.11558
12867,0.739624,1.54704
12868,0,1
12869,-0.136765,1.0187
12870,-0.111682,1.01247
12871,-0.279467,1.0781
12872,0.478625,1.22908
12873,0.483225,1.23351
12874,0.046732,1.00218
12875,0.0984514,1.00969
12876,-0.22025,1.04851
12877,0.135062,1.01824
12878,0.464567,1.21582
12879,-0.125049,1.01564
12880,-0.5655,1.31979
12881,0.325969,1.10626
12882,-0.181773,1.03304
12883,-0.303623,1.09219
12884,-0.203284,1.04132
12885,-0.632406,1.39994
12886,0.785777,1.61745
12887,-0.243083,1.05909
12888,-0.911,1.82992
12889,-1.26898,2.61032
12890,-1.40813,2.98282
12891,-1.36026,2.85032
12892,0.886764,1.78635
12893,-0.761633,1.58008
12894,-1.72245,3.96683
12895,-0.932171,1.86894
12896,-1.4969,3.24071
12897,-1.65976,3.75482
12898,-0.315386,1.09947
12899,-1.27388,2.62276
12900,-0.150017,1.02251
12901,-0.357989,1.12816
12902,-0.340999,1.11628
12903,-0.031555,1.001
12904,0.133168,1.01773
12905,0.144189,1.02079
12906,-0.522195,1.27269
12907,-0.16105,1.02594
12908,0.384097,1.14753
12909,-0.493832,1.24387
12910,-1.09271,2.19401
12911,-0.867777,1.75304
12912,0,1
12913,0.433894,1.18826
12914,-0.541432,1.29315
12915,-0.965419,1.93203
12916,-0.841965,1.70891
12917,-2.46059,7.05452
12918,0.0853336,1.00728
12919,0.694328,1.48209
12920,-1.96904,4.87713
12921,-1.25902,2.58513
12922,-0.858955,1.7378
12923,-0.0323843,1.00105
12924,0.481452,1.2318
12925,0.690904,1.47735
12926,0.728564,1.53081
12927,0.76994,1.59281
12928,0.420535,1.17685
12929,-1.74019,4.02825
12930,-0.0688363,1.00474
12931,-0.332757,1.11073
12932,0.457879,1.20965
12933,0.00747027,1.00006
12934,-0.484781,1.23501
12935,-0.26517,1.07032
12936,0.0555231,1.00308
12937,0.0171194,1.00029
12938,0.352263,1.12409
12939,-0.257832,1.06648
12940,-0.561982,1.31582
12941,-0.874079,1.76401
12942,-1.65889,3.75191
12943,-0.215576,1.04647
12944,0.111413,1.01241
12945,-1.38031,2.90524
12946,-0.610212,1.37236
12947,-0.898166,1.8067
12948,-0.662293,1.43863
12949,0.0971436,1.00944
12950,-1.67178,3.79486
12951,0.168252,1.02831
12952,0.109773,1.01205
12953,-0.316693,1.10029
12954,-0.547504,1.29976
12955,0.45362,1.20577
12956,0.224906,1.05058
12957,-0.853515,1.72849
12958,-0.0304063,1.00092
12959,-0.0591411,1.0035
12960,-0.0940081,1.00884
12961,0.490289,1.24038
12962,0.328099,1.10765
12963,-0.173347,1.03005
12964,0.468374,1.21937
12965,0.489785,1.23989
12966,-0.701248,1.49175
12967,0.154677,1.02392
12968,-1.00749,2.01503
12969,0.0747609,1.00559
12970,-0.269881,1.07284
12971,-0.379309,1.14388
12972,-0.376332,1.14163
12973,0.130242,1.01696
12974,1.02911,2.05907
12975,-0.616151,1.37964
12976,-0.251834,1.06342
12977,-1.06234,2.12856
12978,0.390325,1.15235
12979,0.467636,1.21868
12980,-0.419093,1.17564
12981,-0.170679,1.02913
12982,-0.435838,1.18995
12983,0.189013,1.03573
12984,0.0380361,1.00145
12985,-0.447647,1.20039
12986,-0.067049,1.0045
12987,0.413047,1.17061
12988,-0.334886,1.11215
12989,0.327059,1.10697
12990,-0.0740796,1.00549
12991,-0.542677,1.2945
12992,-0.338741,1.11475
12993,0.13304,1.0177
12994,-0.240564,1.05787
12995,0.0780389,1.00609
12996,0.316705,1.1003
12997,-0.887167,1.78707
12998,0,1
12999,-0.139381,1.01943
13000,0.336563,1.11327
13001,-0.565242,1.3195
13002,0.346815,1.12028
13003,0.225801,1.05099
13004,0.26785,1.07174
13005,0.270356,1.07309
13006,0.243074,1.05909
13007,-0.136882,1.01874
13008,0.375602,1.14108
13009,0.266157,1.07084
13010,-0.781448,1.61066
13011,-0.122417,1.01499
13012,-0.0697482,1.00486
13013,0.0935903,1.00876
13014,-0.59156,1.34994
13015,0,1
13016,0.280979,1.07895
13017,0,1
13018,0,1
13019,-0.518448,1.26879
13020,-1.45538,3.11814
13021,-1.73595,4.01353
13022,-0.356244,1.12691
13023,-0.175559,1.03082
13024,-0.0507019,1.00257
13025,-0.246964,1.06099
13026,0.0230555,1.00053
13027,0.190389,1.03625
13028,-0.145837,1.02127
13029,-1.84388,4.3999
13030,-1.93412,4.74081
13031,-2.21954,5.92637
13032,-0.309623,1.09587
13033,0.0721978,1.00521
13034,-0.959608,1.92085
13035,0.50202,1.25202
13036,-1.03635,2.07402
13037,-0.517934,1.26826
13038,-0.634545,1.40265
13039,0,1
13040,0,1
13041,-0.79553,1.63287
13042,0.170961,1.02923
13043,-0.206614,1.04269
13044,-0.602323,1.36279
13045,-0.242582,1.05885
13046,0,1
13047,-0.718956,1.5169
13048,-0.171675,1.02947
13049,-0.870628,1.75799
13050,-1.9856,4.94261
13051,-0.257567,1.06634
13052,-0.950217,1.90291
13053,-1.08281,2.17247
13054,-0.878782,1.77226
13055,-0.0254155,1.00065
13056,0.0266515,1.00071
13057,-0.750409,1.56311
13058,-0.0626931,1.00393
13059,-0.511698,1.26183
13060,-0.415873,1.17295
13061,0.10728,1.01151
13062,-0.438627,1.19239
13063,0.397206,1.15777
13064,1.10947,2.23092
13065,-0.172478,1.02975
13066,0.366882,1.1346
13067,-0.935945,1.87599
13068,-0.380011,1.14441
13069,0.177814,1.03162
13070,0.22001,1.0484
13071,-0.332509,1.11056
13072,-0.377736,1.14268
13073,-1.10259,2.2157
13074,-0.332181,1.11034
13075,-0.176123,1.03102
13076,-0.292612,1.08562
13077,-0.538124,1.28958
13078,-1.70249,3.89848
13079,0.274379,1.07528
13080,-0.425384,1.18095
13081,0.0608215,1.0037
13082,0.266123,1.07082
13083,-1.05423,2.11141
13084,-0.0504965,1.00255
13085,-0.116197,1.0135
13086,0.665031,1.44227
13087,0,1
13088,-0.733537,1.53808
13089,0.236384,1.05588
13090,-0.127972,1.01638
13091,0.683272,1.46686
13092,-0.00855507,1.00007
13093,-0.547313,1.29955
13094,0.316345,1.10007
13095,-0.40295,1.16237
13096,9.09419e-05,1
13097,-0.174518,1.03046
13098,-0.548744,1.30112
13099,-0.440352,1.19391
13100,-0.134089,1.01798
13101,-0.16977,1.02882
13102,0.176862,1.03128
13103,-1.1218,2.25844
13104,0.490713,1.2408
13105,-0.578813,1.33502
13106,-0.382722,1.14648
13107,0,1
13108,-1.34599,2.81169
13109,-0.763554,1.58301
13110,0.179867,1.03235
13111,0.367347,1.13494
13112,0.271105,1.0735
13113,1.02034,2.0411
13114,-0.0379144,1.00144
13115,0.112317,1.01262
13116,-0.198403,1.03936
13117,-0.793507,1.62965
13118,-1.34769,2.81627
13119,-1.43611,3.06242
13120,-1.65128,3.72673
13121,-1.8164,4.2993
13122,-1.85067,4.42497
13123,-1.80372,4.25339
13124,-1.70481,3.90638
13125,0.346805,1.12027
13126,-1.15086,2.32448
13127,0.064753,1.00419
13128,0.456813,1.20868
13129,-0.630918,1.39806
13130,-1.23286,2.51994
13131,-0.974395,1.94945
13132,0.233115,1.05434
13133,-0.106261,1.01129
13134,0.407778,1.16628
13135,0.190255,1.0362
13136,0.636449,1.40507
13137,0.319639,1.10217
13138,0.358377,1.12843
13139,0.13819,1.0191
13140,0.68615,1.4708
13141,-0.187321,1.03509
13142,0.0184817,1.00034
13143,-0.343584,1.11805
13144,-1.2538,2.57202
13145,-0.840805,1.70695
13146,-1.51399,3.29216
13147,-1.52945,3.33922
13148,-1.01954,2.03946
13149,-1.26986,2.61253
13150,-0.89358,1.79849
13151,-1.74683,4.05141
13152,-1.66726,3.77977
13153,-1.01201,2.02416
13154,-0.75497,1.56998
13155,-0.403072,1.16247
13156,-0.153123,1.02345
13157,0.0398336,1.00159
13158,-0.357256,1.12763
13159,0.0492513,1.00243
13160,0.059964,1.0036
13161,-0.442788,1.19606
13162,-0.991449,1.98297
13163,-0.138467,1.01917
13164,-0.506163,1.2562
13165,-0.653421,1.42696
13166,-1.2417,2.54181
13167,-1.29512,2.67734
13168,-0.402745,1.1622
13169,-0.33178,1.11008
13170,0.274051,1.0751
13171,-0.439656,1.1933
13172,-1.14455,2.30998
13173,-1.17926,2.39064
13174,-0.648035,1.41995
13175,-0.165782,1.02748
13176,-0.313431,1.09824
13177,0.14507,1.02105
13178,-0.978546,1.95755
13179,-2.15347,5.63742
13180,0.184767,1.03414
13181,0.13137,1.01726
13182,-0.438742,1.19249
13183,-0.0112723,1.00013
13184,0.133326,1.01778
13185,0.468191,1.2192
13186,-0.165905,1.02752
13187,0.688782,1.47442
13188,-0.172375,1.02971
13189,-0.567025,1.32152
13190,0.273559,1.07483
13191,-0.0282366,1.0008
13192,0.406439,1.16519
13193,0.325014,1.10563
13194,0.459364,1.21101
13195,-0.0352335,1.00124
13196,0.388803,1.15117
13197,-0.187341,1.0351
13198,0.535575,1.28684
13199,0.460023,1.21162
13200,-0.94802,1.89874
13201,-0.387801,1.15039
13202,-0.227676,1.05184
13203,0.359926,1.12955
13204,0.212645,1.04522
13205,-0.61854,1.38259
13206,-0.280745,1.07882
13207,0,1
13208,0.277362,1.07693
13209,-0.583391,1.34035
13210,0.122504,1.01501
13211,-1.05491,2.11283
13212,-0.262755,1.06904
13213,-0.106221,1.01128
13214,-0.594896,1.3539
13215,-0.793366,1.62943
13216,-0.336522,1.11325
13217,-0.088559,1.00784
13218,-0.505094,1.25512
13219,-2.12237,5.50447
13220,-0.0214936,1.00046
13221,-0.936465,1.87697
13222,-0.562841,1.31679
13223,-1.05318,2.1092
13224,-1.50466,3.264
13225,-1.42984,3.04445
13226,-0.209662,1.04396
13227,-0.12974,1.01683
13228,-0.255578,1.06532
13229,-1.48813,3.21453
13230,-0.738055,1.54472
13231,-1.55272,3.41093
13232,-0.0920723,1.00848
13233,-0.15759,1.02483
13234,-1.20436,2.45049
13235,-0.552393,1.30514
13236,-0.627295,1.3935
13237,-0.409529,1.16771
13238,-1.07124,2.14756
13239,-0.88686,1.78652
13240,0.483245,1.23353
13241,-0.349055,1.12184
13242,-0.604927,1.36594
13243,-0.271356,1.07363
13244,0.296882,1.08814
13245,0.270912,1.07339
13246,0.611472,1.3739
13247,-0.237316,1.05632
13248,-0.513021,1.26319
13249,0.00533339,1.00003
13250,0.19681,1.03873
13251,-0.183079,1.03352
13252,-0.155781,1.02427
13253,-0.236922,1.05613
13254,-1.28319,2.64658
13255,-0.267966,1.07181
13256,-1.93432,4.74158
13257,-1.00752,2.0151
13258,0.685069,1.46932
13259,-1.17557,2.38197
13260,0.0923161,1.00852
13261,-1.02784,2.05645
13262,-0.841432,1.70801
13263,-0.285079,1.08127
13264,-0.360203,1.12975
13265,0.437385,1.19131
13266,-0.203441,1.04139
13267,-0.400359,1.16029
13268,0.529031,1.27987
13269,0.0210109,1.00044
13270,-0.199853,1.03994
13271,0.496301,1.24632
13272,0.180939,1.03274
13273,-0.242052,1.05859
13274,-0.823415,1.67801
13275,0.521008,1.27145
13276,-1.75551,4.08182
13277,-0.983252,1.96678
13278,0.26449,1.06995
13279,0.0860826,1.00741
13280,-1.44255,3.08094
13281,-0.804642,1.64745
13282,-1.06989,2.14467
13283,-0.237021,1.05618
13284,-0.870606,1.75796
13285,0,1
13286,-0.654179,1.42795
13287,0.129607,1.0168
13288,-0.100473,1.01009
13289,-0.984406,1.96905
13290,-0.758203,1.57487
13291,-0.874905,1.76546
13292,0.328566,1.10796
13293,-0.804292,1.64689
13294,-1.01389,2.02798
13295,-1.02793,2.05664
13296,-1.03049,2.06192
13297,-0.84475,1.7136
13298,-0.581507,1.33815
13299,-1.03762,2.07667
13300,-0.000221783,1
13301,-0.301,1.0906
13302,-0.415137,1.17234
13303,-0.616566,1.38015
13304,-0.422521,1.17852
13305,0.578466,1.33462
13306,-0.547878,1.30017
13307,0.459487,1.21113
13308,0.147419,1.02173
13309,0.077663,1.00603
13310,0.165865,1.02751
13311,0.135384,1.01833
13312,0,1
13313,-0.993258,1.98656
13314,-0.362831,1.13165
13315,0.323521,1.10467
13316,-0.435436,1.1896
13317,-0.530418,1.28134
13318,-0.324182,1.10509
13319,-0.352744,1.12443
13320,-0.871541,1.75958
13321,-0.350934,1.12315
13322,-0.44632,1.1992
13323,-0.477743,1.22824
13324,0.112674,1.0127
13325,-0.467648,1.21869
13326,0.384166,1.14758
13327,0.278728,1.07769
13328,0.303223,1.09194
13329,0.0937732,1.00879
13330,-0.456938,1.20879
13331,-0.525105,1.27574
13332,-1.55778,3.42669
13333,-1.58973,3.52724
13334,-0.63333,1.40111
13335,-0.797329,1.63573
13336,0.115389,1.01331
13337,0.862043,1.74312
13338,-0.316515,1.10018
13339,-0.706059,1.49852
13340,-1.1989,2.43737
13341,-0.308433,1.09513
13342,-0.435904,1.19001
13343,-0.570792,1.3258
13344,0.858159,1.73644
13345,-1.16953,2.36779
13346,-0.234033,1.05477
13347,-1.84659,4.40989
13348,-0.779403,1.60747
13349,-0.101748,1.01035
13350,-0.163848,1.02685
13351,-1.27861,2.63483
13352,-0.253813,1.06442
13353,0.623993,1.38937
13354,-0.900817,1.81147
13355,-1.7854,4.18767
13356,-0.651292,1.42418
13357,-0.867097,1.75186
13358,-0.441664,1.19507
13359,-0.0327563,1.00107
13360,-1.93058,4.72715
13361,0.158499,1.02512
13362,-0.322385,1.10393
13363,0,1
13364,-1.37736,2.89711
13365,-0.829969,1.68885
13366,0.36203,1.13107
13367,0.492112,1.24217
13368,-1.24794,2.55736
13369,-0.475495,1.2261
13370,-0.176498,1.03115
13371,-0.0153264,1.00023
13372,0.329408,1.10851
13373,-0.507058,1.25711
13374,-0.83998,1.70557
13375,-1.39572,2.94805
13376,0.210206,1.04419
13377,-1.08597,2.17933
13378,-1.04399,2.0899
13379,-1.05829,2.11998
13380,-0.730516,1.53365
13381,0.284972,1.08121
13382,-0.284484,1.08093
13383,-0.0338163,1.00114
13384,-0.174807,1.03056
13385,0.441224,1.19468
13386,-0.36009,1.12967
13387,-1.51442,3.29348
13388,0.121985,1.01488
13389,-1.3771,2.89641
13390,-0.518073,1.2684
13391,-0.521491,1.27195
13392,0.146076,1.02134
13393,-0.624505,1.39001
13394,-1.57381,3.47687
13395,-1.70162,3.8955
13396,-1.78869,4.1994
13397,-1.52656,3.33039
13398,-1.79189,4.21086
13399,-0.405736,1.16462
13400,-1.32323,2.75095
13401,-2.02283,5.09183
13402,-1.32345,2.75153
13403,-0.0395756,1.00157
13404,0.0324246,1.00105
13405,0.580797,1.33732
13406,0.0666919,1.00445
13407,0.387734,1.15034
13408,0.20794,1.04324
