3_zip_48067,1
3_occupation_10,2
3_age_1,3
3_gender_F,4
3_zip_70072,6
3_occupation_16,7
3_age_56,8
3_gender_M,9
3_zip_55117,11
3_occupation_15,12
3_age_25,13
3_zip_02460,15
3_occupation_7,16
3_age_45,17
3_zip_55455,19
3_occupation_20,20
3_occupation_9,22
3_age_50,23
3_zip_06810,25
3_occupation_1,26
3_age_35,27
3_zip_11413,29
3_occupation_12,30
3_zip_61614,32
3_occupation_17,33
3_zip_95370,35
3_zip_04093,37
3_zip_32793,39
3_zip_93304,41
3_zip_60126,43
3_occupation_0,44
3_zip_22903,46
3_zip_20670,48
3_zip_95350,50
3_zip_95825,52
3_occupation_3,53
3_age_18,54
3_zip_48073,56
3_zip_55113,58
3_occupation_14,59
3_zip_99353,61
3_zip_53706,63
3_zip_90049,65
3_zip_10023,67
3_zip_01609,69
3_occupation_4,70
3_zip_23112,72
3_zip_19130,74
3_occupation_11,75
3_zip_14607,77
3_zip_33407,79
3_zip_19143,81
3_zip_06840,83
3_zip_19355,85
3_zip_55421,87
3_zip_02135,89
3_zip_02482,91
3_zip_94123,93
3_zip_66212,95
3_zip_02215,97
3_zip_61820,99
3_zip_10543,101
3_zip_15116,103
3_zip_24502,105
3_occupation_8,106
3_zip_60614,108
3_zip_98052,110
3_zip_94110,112
3_zip_75602,114
3_occupation_19,115
3_zip_94305,117
3_zip_92107,119
3_zip_77084,121
3_zip_98133,123
3_occupation_2,124
3_zip_10562,126
3_zip_72212,128
3_zip_96931,130
3_zip_56723,132
3_zip_55303,134
3_zip_60440,136
3_zip_30350,138
3_zip_30303,140
3_zip_55413,142
3_zip_72118,144
3_zip_95122,146
3_zip_98105,148
3_zip_54902,150
3_zip_55803,153
3_zip_57706,155
3_occupation_18,156
3_zip_60181,158
3_occupation_5,159
3_zip_02143,162
3_zip_53703,164
3_zip_95008,166
3_zip_55122,168
3_zip_94530,171
3_zip_01748,173
3_zip_15321,176
3_zip_98029,178
3_zip_98103,180
3_zip_49327,182
3_zip_60640,184
3_zip_48380,186
3_zip_94609,188
3_zip_53140,190
3_zip_94945,192
3_zip_54467,194
3_zip_48360,196
3_zip_02476,198
3_zip_85749,200
3_occupation_13,202
3_zip_07650,204
3_zip_44243,206
3_zip_28601,209
3_zip_98201,211
3_zip_78028,213
3_zip_66210,215
3_zip_33547,217
3_zip_19390,219
3_zip_95401,221
3_zip_33314,223
3_zip_20871,225
3_zip_92104,227
3_zip_00926,229
3_zip_90277,231
3_zip_79101,233
3_zip_63129,235
3_zip_30316,237
3_zip_92028,239
3_zip_90803,241
3_zip_55416,243
3_zip_97209,245
3_zip_37032,247
3_zip_83712,249
3_zip_28083,251
3_zip_55744,253
3_zip_22315,256
3_zip_77515,258
3_zip_27106,260
3_zip_75229,262
3_zip_67208,265
3_zip_91356,267
3_zip_01701,269
3_zip_98117,271
3_zip_01770,273
3_zip_37922,275
3_occupation_6,276
3_zip_20164,278
3_zip_50021,280
3_zip_06520,282
3_zip_99709,284
3_zip_55071,286
3_zip_20006,289
3_zip_21202,291
3_zip_78758,293
3_zip_22203,295
3_zip_45409,297
3_zip_55107,299
3_zip_62035,301
3_zip_10011,303
3_zip_64043,305
3_zip_29401,307
3_zip_19081,309
3_zip_10954,311
3_zip_91360,313
3_zip_57747,315
3_zip_29205,317
3_zip_98144,319
3_zip_85013,321
3_zip_48104,323
3_zip_51537,325
3_zip_07470,328
3_zip_14519,330
3_zip_12866,332
3_zip_28754,334
3_zip_13021,337
3_zip_98107-2117,339
3_zip_93117,341
3_zip_94566,344
3_zip_98502,346
3_zip_92802,348
3_zip_10022,350
3_zip_46970,352
3_zip_55439,354
3_zip_07002,356
3_zip_55441,358
3_zip_07661,360
3_zip_45237,362
3_zip_21203,364
3_zip_95123,366
3_zip_55016,368
3_zip_54016,370
3_zip_53705,372
3_zip_01603,375
3_zip_33186,377
3_zip_03052,379
3_zip_55407,381
3_zip_19001,383
3_zip_14468,385
3_zip_91767,387
3_zip_94061,389
3_zip_79930,391
3_zip_60076,393
3_zip_55125,395
3_zip_04915,397
3_zip_10977,399
3_zip_44106,401
3_zip_29146,403
3_zip_10458,405
3_zip_94587,407
3_zip_55108,410
3_zip_83706,412
3_zip_84321,414
3_zip_53715,418
3_zip_92123,420
3_zip_97333,422
3_zip_20194,424
3_zip_94115,426
3_zip_55432,428
3_zip_90048,430
3_zip_25801,432
3_zip_90620,434
3_zip_53714,436
3_zip_80218,439
3_zip_92075,441
3_zip_52761,443
3_zip_95822,446
3_zip_94063,450
3_zip_55116,452
3_zip_28262,454
3_zip_14850,456
3_zip_11215,458
3_zip_94518,460
3_zip_90291,462
3_zip_04576,465
3_zip_43210,467
3_zip_55408,470
3_zip_37919-4204,472
3_zip_39652,474
3_zip_98153,476
3_zip_55126,478
3_zip_46835,480
3_zip_94618,483
3_zip_55121,486
3_zip_11576,489
3_zip_19072,491
3_zip_66046,493
3_zip_60625,495
3_zip_94404,497
3_zip_72703,499
3_zip_48126,501
3_zip_11229,503
3_zip_55105,505
3_zip_94112,507
3_zip_97370,509
3_zip_49015,511
3_zip_85310,513
3_zip_55076,515
3_zip_55436,518
3_zip_60615,520
3_zip_98126,522
3_zip_75801,524
3_zip_68503,526
3_zip_22304,528
3_zip_20755,530
3_zip_55001,534
3_zip_29708,536
3_zip_55414,539
3_zip_48202,541
3_zip_80302,543
3_zip_55427,545
3_zip_48162,548
3_zip_01982,550
3_zip_60482,553
3_zip_91214,555
3_zip_19118,557
3_zip_94117,559
3_zip_94401,561
3_zip_10003,563
3_zip_91910,565
3_zip_94109,567
3_zip_54601,569
3_zip_94706,571
3_zip_97119,573
3_zip_11801,575
3_zip_94591,577
3_zip_55110,579
3_zip_19406,581
3_zip_55337-4056,583
3_zip_43147,585
3_zip_80203,587
3_zip_89432,589
3_zip_97211,591
3_zip_19010,593
3_zip_78664,596
3_zip_04901,599
3_zip_53051,604
3_zip_90027,606
3_zip_10025,608
3_zip_16801,610
3_zip_31207,612
3_zip_31201,614
3_zip_22207,616
3_zip_02138,618
3_zip_46911,620
3_zip_90740,623
3_zip_38555,625
3_zip_55104,627
3_zip_33436,629
3_zip_99516,631
3_zip_55128,633
3_zip_53716,636
3_zip_55106,638
3_zip_55112,640
3_zip_25302,642
3_zip_55448,644
3_zip_80401,646
3_zip_02115,648
3_zip_92065,650
3_zip_55902,652
3_zip_55109,654
3_zip_55410,656
3_zip_55434,659
3_zip_98765,661
3_zip_80205,663
3_zip_80207,666
3_zip_28001,668
3_zip_92119,670
3_zip_55127,673
3_zip_75034,675
3_zip_94114,677
3_zip_55305,680
3_zip_08035,683
3_zip_60115,687
3_zip_92625,689
3_zip_55101,693
3_zip_20815,696
3_zip_28208,699
3_zip_55419,703
3_zip_46815,705
3_zip_90293,710
3_zip_02141,714
3_zip_72227,716
3_zip_55347,718
3_zip_55346,720
3_zip_80026,723
3_zip_55418,725
3_zip_54822,728
3_zip_92024,730
3_zip_89015,732
3_zip_66205,734
3_zip_78757,736
3_zip_55075,738
3_zip_68131,740
3_zip_55111,743
3_zip_10021,745
3_zip_68128,747
3_zip_55405,749
3_zip_22122,751
3_zip_20037,753
3_zip_55402,755
3_zip_55013,757
3_zip_56187,760
3_zip_22124,762
3_zip_55454,764
3_zip_55422,767
3_zip_55129,769
3_zip_10128,773
3_zip_13077,775
3_zip_89503,778
3_zip_55417,782
3_zip_43214,784
3_zip_55409,787
3_zip_55317,789
3_zip_55406,791
3_zip_50613,794
3_zip_54901,807
3_zip_55306,809
3_zip_55115,813
3_zip_98155,815
3_zip_43023,818
3_zip_55030,820
3_zip_32940,824
3_zip_55042,831
3_zip_80123,834
3_zip_85037,836
3_zip_24523,838
3_zip_54720,840
3_zip_55102,843
3_zip_55092,845
3_zip_54703,849
3_zip_55405-2546,851
3_zip_55313,854
3_zip_94523,860
3_zip_55082,864
3_zip_55068,867
3_zip_08904,869
3_zip_92126,873
3_zip_91367,886
3_zip_55345,891
3_zip_56043,893
3_zip_17870,897
3_zip_55412,901
3_zip_55372,906
3_zip_73120,909
3_zip_17003,911
3_zip_37815,913
3_zip_55103-1006,915
3_zip_15232,921
3_zip_55379,923
3_zip_55119,925
3_zip_55033,929
3_zip_75240,932
3_zip_55038,934
3_zip_55124,938
3_zip_91320,941
3_zip_19027,943
3_zip_94806,945
3_zip_11201,947
3_zip_83843,949
3_zip_92009,951
3_zip_10019,953
3_zip_22206,955
3_zip_94301,957
3_zip_27514,959
3_zip_01267,963
3_zip_07704,965
3_zip_95407,967
3_zip_55103,969
3_zip_15213,971
3_zip_5849574,973
3_zip_78705,975
3_zip_55057,977
3_zip_94538,979
3_zip_01890,981
3_zip_37211,983
3_zip_76109,985
3_zip_96860,987
3_zip_53217,989
3_zip_21559,991
3_zip_23456,994
3_zip_94131,996
3_zip_94086,998
3_zip_53213,1000
3_zip_37221,1002
3_zip_30030,1004
3_zip_60422,1007
3_zip_81335,1009
3_zip_64060,1011
3_zip_48083,1013
3_zip_49419,1016
3_zip_45242,1018
3_zip_92122,1020
3_zip_52570-9634,1022
3_zip_19716,1024
3_zip_97339,1026
3_zip_61801,1030
3_zip_98119,1032
3_zip_90214,1034
3_zip_92130,1036
3_zip_20910,1038
3_zip_90064,1041
3_zip_32839,1043
3_zip_08534,1045
3_zip_73543,1047
3_zip_67042,1049
3_zip_94403,1052
3_zip_53092,1055
3_zip_92649,1057
3_zip_23220,1059
3_zip_90210,1061
3_zip_98032,1063
3_zip_76201,1065
3_zip_92103,1067
3_zip_91711,1069
3_zip_01950,1073
3_zip_80206,1075
3_zip_95476,1077
3_zip_53711,1079
3_zip_66209,1081
3_zip_06320,1083
3_zip_14612,1085
3_zip_32256,1087
3_zip_44425,1090
3_zip_49507,1092
3_zip_43614,1094
3_zip_18011,1096
3_zip_10012,1098
3_zip_77025,1100
3_zip_20715,1102
3_zip_95020,1104
3_zip_90024,1107
3_zip_32951,1109
3_zip_92117,1112
3_zip_74105,1114
3_zip_13210,1117
3_zip_93560,1119
3_zip_92612,1121
3_zip_60555,1123
3_zip_75207,1125
3_zip_77005,1128
3_zip_97210,1130
3_zip_48154,1133
3_zip_80525,1135
3_zip_07649,1138
3_zip_49512,1141
3_zip_33785,1143
3_zip_92055,1145
3_zip_97132,1147
3_zip_77584,1149
3_zip_85202,1151
3_zip_47406,1153
3_zip_78155,1156
3_zip_23188,1158
3_zip_93704,1160
3_zip_08505,1163
3_zip_85224,1165
3_zip_80526,1168
3_zip_49445,1170
3_zip_20895,1172
3_zip_12222,1174
3_zip_92660,1176
3_zip_75023,1178
3_zip_92629,1180
3_zip_92106,1182
3_zip_34691,1184
3_zip_28134,1187
3_zip_70507,1189
3_zip_13114,1191
3_zip_99163,1193
3_zip_12345,1195
3_zip_74601,1197
3_zip_13317,1199
3_zip_08540,1201
3_zip_98438,1203
3_zip_22042,1205
3_zip_30307,1207
3_zip_61761,1210
3_zip_46845,1212
3_zip_02048,1216
3_zip_94122,1219
3_zip_34952,1221
3_zip_29681,1223
3_zip_37013,1225
3_zip_30501,1227
3_zip_27510,1229
3_zip_14136,1235
3_zip_13407,1237
3_zip_48103,1239
3_zip_90717,1241
3_zip_96813,1243
3_zip_85207,1245
3_zip_76401,1248
3_zip_04240,1250
3_zip_97330,1253
3_zip_73505,1256
3_zip_14650,1258
3_zip_01002,1260
3_zip_90808,1262
3_zip_44074,1264
3_zip_85712,1266
3_zip_48065,1268
3_zip_17740,1271
3_zip_37042,1273
3_zip_92647,1275
3_zip_80521,1278
3_zip_95136,1280
3_zip_79912,1282
3_zip_76013,1284
3_zip_98188,1287
3_zip_90211,1289
3_zip_75070,1292
3_zip_97520,1295
3_zip_98027,1298
3_zip_90266,1300
3_zip_77449,1303
3_zip_11598,1306
3_zip_85284,1308
3_zip_10580,1310
3_zip_07030,1313
3_zip_30034,1315
3_zip_90078,1317
3_zip_07070,1320
3_zip_99205,1323
3_zip_24551,1326
3_zip_44095,1328
3_zip_54758,1330
3_zip_60660,1332
3_zip_77007,1334
3_zip_90004,1336
3_zip_95019,1338
3_zip_98606,1340
3_zip_60098,1342
3_zip_56303,1344
3_zip_13066,1346
3_zip_97201,1348
3_zip_97401,1350
3_zip_42754,1352
3_zip_38024,1354
3_zip_94002,1356
3_zip_19518,1360
3_zip_89156,1362
3_zip_99945,1365
3_zip_63041,1367
3_zip_02882,1369
3_zip_85296,1371
3_zip_74467,1373
3_zip_95128,1375
3_zip_45241,1377
3_zip_17067,1379
3_zip_02421,1381
3_zip_98499,1383
3_zip_75087,1385
3_zip_89118,1387
3_zip_48108,1389
3_zip_56258,1392
3_zip_92627,1394
3_zip_87543,1396
3_zip_32694,1398
3_zip_60156,1400
3_zip_91776,1402
3_zip_95076,1404
3_zip_28223,1406
3_zip_11040,1409
3_zip_29307,1411
3_zip_55987,1413
3_zip_77802,1415
3_zip_37601,1417
3_zip_67212,1419
3_zip_45694,1421
3_zip_27511,1423
3_zip_37043,1426
3_zip_19147,1429
3_zip_98237,1431
3_zip_20175,1433
3_zip_48464,1435
3_zip_98498,1437
3_zip_72032,1439
3_zip_95776,1441
3_zip_22801,1443
3_zip_67217,1445
3_zip_90032,1447
3_zip_34990,1450
3_zip_85226,1453
3_zip_70508,1455
3_zip_98006,1457
3_zip_94043,1459
3_zip_37930,1461
3_zip_70002,1463
3_zip_37130,1466
3_zip_92108,1468
3_zip_41076,1470
3_zip_60107,1472
3_zip_60611,1474
3_zip_78759,1476
3_zip_14456,1478
3_zip_07666,1480
3_zip_92078,1482
3_zip_39532,1485
3_zip_80210,1487
3_zip_70817,1490
3_zip_60657,1493
3_zip_20874,1495
3_zip_19464,1497
3_zip_46825,1499
3_zip_78640,1501
3_zip_94952,1503
3_zip_92661,1507
3_zip_02828,1510
3_zip_49321,1514
3_zip_92121,1516
3_zip_20009,1518
3_zip_80209,1520
3_zip_80228,1522
3_zip_94121,1524
3_zip_75006,1526
3_zip_75287,1529
3_zip_92105,1531
3_zip_55447,1533
3_zip_44092,1535
3_zip_72701,1537
3_zip_02453,1539
3_zip_11701,1541
3_zip_10013,1543
3_zip_78237,1546
3_zip_37027,1548
3_zip_62522,1551
3_zip_97205,1553
3_zip_08820,1556
3_zip_95814,1558
3_zip_01702-7224,1560
3_zip_92026,1562
3_zip_02144,1564
3_zip_26105,1569
3_zip_94707,1571
3_zip_43202,1573
3_zip_90631,1575
3_zip_01720,1577
3_zip_92018,1579
3_zip_92673,1584
3_zip_49454,1586
3_zip_48105,1588
3_zip_14830,1590
3_zip_10024,1594
3_zip_92153,1596
3_zip_80202,1598
3_zip_76031,1600
3_zip_85016,1602
3_zip_31602,1604
3_zip_34683,1606
3_zip_94015,1608
3_zip_30605,1612
3_zip_90066,1614
3_zip_92027,1616
3_zip_45432,1618
3_zip_75165,1620
3_zip_92308,1622
3_zip_28655,1624
3_zip_71106,1626
3_zip_92831,1630
3_zip_98226,1632
3_zip_91324,1635
3_zip_20744-6223,1637
3_zip_30338,1639
3_zip_72762,1641
3_zip_92084,1643
3_zip_91901,1646
3_zip_92056,1648
3_zip_92173,1650
3_zip_48009,1653
3_zip_37212,1655
3_zip_98642,1657
3_zip_07869,1660
3_zip_91105,1662
3_zip_98199,1664
3_zip_98380,1667
3_zip_06032,1669
3_zip_97838,1671
3_zip_60538,1675
3_zip_34567,1677
3_zip_60513,1679
3_zip_01060,1681
3_zip_20110-5616,1683
3_zip_76240,1685
3_zip_45387,1687
3_zip_85716,1689
3_zip_08033,1691
3_zip_91505,1693
3_zip_49345,1695
3_zip_48103-8929,1697
3_zip_21015,1699
3_zip_43056,1701
3_zip_96753,1703
3_zip_21044,1705
3_zip_10009,1707
3_zip_97478,1709
3_zip_97030,1711
3_zip_21030,1713
3_zip_94941,1715
3_zip_29706,1718
3_zip_48116,1720
3_zip_44622,1722
3_zip_45244,1724
3_zip_10016,1726
3_zip_80020,1728
3_zip_48197,1730
3_zip_92262,1734
3_zip_43615,1736
3_zip_19103,1739
3_zip_27615,1741
3_zip_94930,1746
3_zip_98136,1748
3_zip_89113,1750
3_zip_80110,1752
3_zip_19116,1754
3_zip_92014,1757
3_zip_92064,1760
3_zip_99224,1762
3_zip_92129,1764
3_zip_32608,1766
3_zip_19004,1768
3_zip_48098,1770
3_zip_48823,1772
3_zip_20706,1774
3_zip_10004,1776
3_zip_02780,1779
3_zip_45678,1781
3_zip_92109,1783
3_zip_96803,1785
3_zip_98102,1787
3_zip_15748,1789
3_zip_62558,1792
3_zip_07043,1796
3_zip_19320,1798
3_zip_08003,1801
3_zip_53220,1803
3_zip_01960,1805
3_zip_77064,1807
3_zip_48315,1809
3_zip_10310,1811
3_zip_92115,1813
3_zip_30004,1815
3_zip_02576,1817
3_zip_03054,1819
3_zip_11220,1821
3_zip_60044,1823
3_zip_30906,1825
3_zip_95616,1827
3_zip_93455,1830
3_zip_94559,1832
3_zip_00918,1834
3_zip_92675,1836
3_zip_74135,1838
3_zip_34677,1840
3_zip_03848,1844
3_zip_20015,1846
3_zip_97303,1848
3_zip_19803,1850
3_zip_19425,1852
3_zip_82601,1855
3_zip_15956,1857
3_zip_28036,1859
3_zip_02081,1861
3_zip_02346,1864
3_zip_76309,1866
3_zip_94306,1868
3_zip_92801,1870
3_zip_87004,1872
3_zip_77477,1875
3_zip_53404-1230,1877
3_zip_62225,1879
3_zip_75225,1881
3_zip_95002,1883
3_zip_97302,1885
3_zip_75214,1888
3_zip_18360,1890
3_zip_75040,1892
3_zip_48133,1895
3_zip_73069,1897
3_zip_97321,1899
3_zip_97213,1901
3_zip_11235,1903
3_zip_46060,1905
3_zip_59457,1907
3_zip_50265,1909
3_zip_91344,1911
3_zip_94402,1913
3_zip_02151,1915
3_zip_77581,1918
3_zip_20036,1921
3_zip_13045,1923
3_zip_07601,1925
3_zip_72211,1927
3_zip_27606,1931
3_zip_95661,1934
3_zip_98115,1936
3_zip_08854,1938
3_zip_68144-2410,1940
3_zip_48170,1942
3_zip_27705,1944
3_zip_03226,1946
3_zip_34695,1948
3_zip_98225,1950
3_zip_08826,1952
3_zip_37853,1955
3_zip_94105,1957
3_zip_345567,1959
3_zip_49525,1961
3_zip_60504,1963
3_zip_92626,1965
3_zip_08753,1967
3_zip_80439,1969
3_zip_77059,1973
3_zip_60090,1975
3_zip_06417,1977
3_zip_60605,1980
3_zip_90241,1984
3_zip_02324,1986
3_zip_93003,1988
3_zip_45904,1990
3_zip_44319,1993
3_zip_19104,1995
3_zip_97215,1997
3_zip_60551,2000
3_zip_10017,2003
3_zip_02718,2005
3_zip_90504,2007
3_zip_78701,2010
3_zip_02632,2012
3_zip_91789,2014
3_zip_13031,2018
3_zip_11788,2020
3_zip_22309,2023
3_zip_60012,2025
3_zip_12570,2027
3_zip_90038,2030
3_zip_19114,2032
3_zip_90274,2035
3_zip_13165,2037
3_zip_12047,2039
3_zip_93420-2852,2041
3_zip_84770,2044
3_zip_43623,2046
3_zip_94024,2048
3_zip_94025,2050
3_zip_80260,2053
3_zip_98101,2055
3_zip_92618,2057
3_zip_75226,2060
3_zip_46805,2062
3_zip_30328,2064
3_zip_33024,2066
3_zip_53545,2068
3_zip_90278,2070
3_zip_33334,2072
3_zip_30253,2074
3_zip_98026,2076
3_zip_48314,2078
3_zip_07017,2080
3_zip_70448,2084
3_zip_90020,2086
3_zip_45014,2088
3_zip_94030,2090
3_zip_91780,2099
3_zip_44256,2102
3_zip_01453,2104
3_zip_48186,2106
3_zip_91030,2108
3_zip_95503,2110
3_zip_20716,2112
3_zip_91326,2114
3_zip_94598,2116
3_zip_92354,2118
3_zip_97374,2120
3_zip_98031,2126
3_zip_90712,2130
3_zip_95617,2132
3_zip_13907,2134
3_zip_44077,2137
3_zip_49544,2139
3_zip_77459,2141
3_zip_97222,2143
3_zip_84112-2004,2145
3_zip_97006,2147
3_zip_46814,2151
3_zip_33764,2153
3_zip_43617,2155
3_zip_12590,2157
3_zip_94127,2159
3_zip_27519,2161
3_zip_10027,2163
3_zip_60089,2165
3_zip_94558,2168
3_zip_23602,2170
3_zip_90292,2172
3_zip_94118,2174
3_zip_13207,2176
3_zip_12206,2178
3_zip_19134,2181
3_zip_52162,2183
3_zip_60102,2185
3_zip_02125,2187
3_zip_61081,2189
3_zip_07087,2191
3_zip_94720,2194
3_zip_48219,2196
3_zip_95125,2198
3_zip_60515,2200
3_zip_43235,2202
3_zip_94519,2204
3_zip_91006,2206
3_zip_48316,2209
3_zip_32720,2211
3_zip_50111,2214
3_zip_11803,2217
3_zip_10014,2219
3_zip_22030,2222
3_zip_80461,2224
3_zip_10573,2230
3_zip_48188,2232
3_zip_94134,2234
3_zip_76205,2236
3_zip_10002,2240
3_zip_84101,2242
3_zip_20879,2244
3_zip_2020010,2246
3_zip_40205,2249
3_zip_81301,2252
3_zip_18104,2256
3_zip_12203,2258
3_zip_10028,2260
3_zip_01234,2262
3_zip_12230,2264
3_zip_54401,2266
3_zip_49506,2268
3_zip_19123,2270
3_zip_37343,2272
3_zip_39567,2274
3_zip_94041,2276
3_zip_06360,2278
3_zip_98312,2280
3_zip_97801,2283
3_zip_98541,2286
3_zip_94607,2288
3_zip_98125,2291
3_zip_92630,2293
3_zip_94611,2295
3_zip_92867,2297
3_zip_78750,2299
3_zip_91504,2301
3_zip_94904,2304
3_zip_60074,2306
3_zip_11217,2308
3_zip_90036,2310
3_zip_75244,2312
3_zip_33615,2315
3_zip_02038,2317
3_zip_10475,2320
3_zip_85282,2322
3_zip_94111,2324
3_zip_97203,2326
3_zip_64068,2329
3_zip_75703,2331
3_zip_75082,2333
3_zip_76051,2335
3_zip_92866,2337
3_zip_60153,2340
3_zip_68154,2343
3_zip_50310,2346
3_zip_98028,2348
3_zip_94014,2350
3_zip_98626,2352
3_zip_34639,2355
3_zip_11218,2358
3_zip_75230,2361
3_zip_12159,2364
3_zip_60194,2367
3_zip_95117,2369
3_zip_12065,2371
3_zip_02840,2373
3_zip_06460,2375
3_zip_10805,2377
3_zip_14228,2379
3_zip_95051,2381
3_zip_97146,2383
3_zip_94108,2385
3_zip_85275,2387
3_zip_14302,2389
3_zip_11434,2391
3_zip_94560,2393
3_zip_43420,2396
3_zip_27607,2399
3_zip_11375,2401
3_zip_13088,2404
3_zip_98034,2407
3_zip_95926,2410
3_zip_94040,2412
3_zip_91706,2415
3_zip_34116,2417
3_zip_49508,2419
3_zip_10918,2421
3_zip_14895,2423
3_zip_75069,2426
3_zip_01915,2428
3_zip_97214,2430
3_zip_61665,2432
3_zip_89509,2434
3_zip_53707,2436
3_zip_50266,2438
3_zip_12308,2440
3_zip_92821,2442
3_zip_91403,2447
3_zip_32750,2450
3_zip_65270,2452
3_zip_93448,2455
3_zip_58078,2457
3_zip_89170,2459
3_zip_92100,2461
3_zip_19806,2463
3_zip_98058,2465
3_zip_90262,2467
3_zip_07026,2469
3_zip_94702,2471
3_zip_87107,2473
3_zip_19801,2475
3_zip_99352,2477
3_zip_20723,2479
3_zip_90006,2481
3_zip_06430,2483
3_zip_55901,2488
3_zip_10804,2491
3_zip_94578,2494
3_zip_90601,2496
3_zip_53713,2498
3_zip_33445,2501
3_zip_91911,2503
3_zip_53704,2505
3_zip_90046,2507
3_zip_08107,2511
3_zip_94089,2513
3_zip_98122,2515
3_zip_85035,2517
3_zip_22901,2519
3_zip_10472,2522
3_zip_95336,2525
3_zip_01375,2527
3_zip_55934,2530
3_zip_28209,2533
3_zip_08872,2535
3_zip_94070,2537
3_zip_21401,2539
3_zip_40204,2541
3_zip_91011,2545
3_zip_94549,2547
3_zip_49505,2549
3_zip_495321,2551
3_zip_97005,2554
3_zip_89102,2556
3_zip_21222,2558
3_zip_98037,2560
3_zip_94520,2562
3_zip_54729,2564
3_zip_98055,2567
3_zip_91106,2569
3_zip_98109,2571
3_zip_17522,2575
3_zip_17112,2577
3_zip_94704,2579
3_zip_90012,2581
3_zip_90732,2583
3_zip_19444,2585
3_zip_98074,2589
3_zip_95472,2591
3_zip_08055,2593
3_zip_80027,2595
3_zip_95132,2597
3_zip_95405,2600
3_zip_92612-3417,2602
3_zip_75063,2604
3_zip_29201,2607
3_zip_97007,2609
3_zip_95420,2612
3_zip_11106,2615
3_zip_90248,2617
3_zip_06511,2619
3_zip_75075,2622
3_zip_92620,2626
3_zip_94501,2628
3_zip_77096,2631
3_zip_94132,2633
3_zip_54481,2635
3_zip_07054,2637
3_zip_80538,2639
3_zip_90638,2641
3_zip_07644,2643
3_zip_60201,2646
3_zip_90505,2648
3_zip_38104,2653
3_zip_77341,2655
3_zip_80220,2658
3_zip_02139,2660
3_zip_19343,2662
3_zip_12188,2666
3_zip_92688,2668
3_zip_90041,2671
3_zip_08550,2673
3_zip_94539,2676
3_zip_08902,2680
3_zip_11102,2682
3_zip_95003,2684
3_zip_48324,2687
3_zip_53154,2689
3_zip_95831,2692
3_zip_38120,2694
3_zip_94506,2696
3_zip_95209,2700
3_zip_06459,2702
3_zip_78230,2706
3_zip_94903,2708
3_zip_97266,2710
3_zip_60462,2713
3_zip_43613,2715
3_zip_71711,2717
3_zip_12184,2719
3_zip_83001,2722
3_zip_02446,2724
3_zip_22601,2726
3_zip_02359,2728
3_zip_23464-3016,2731
3_zip_12054,2733
3_zip_10549,2735
3_zip_63146,2737
3_zip_20901,2743
3_zip_11580,2745
3_zip_20008,2747
3_zip_64116,2750
3_zip_17013,2752
3_zip_10039,2756
3_zip_11214,2761
3_zip_43611,2763
3_zip_87123,2765
3_zip_01096,2767
3_zip_78731,2769
3_zip_77550,2771
3_zip_07701,2775
3_zip_75093,2777
3_zip_98033,2779
3_zip_02155,2781
3_zip_77479,2783
3_zip_81007,2785
3_zip_94949,2787
3_zip_72227-5733,2790
3_zip_22201,2792
3_zip_10705,2797
3_zip_45701,2800
3_zip_92315,2802
3_zip_77351,2804
3_zip_30308,2806
3_zip_22043,2808
3_zip_26501,2812
3_zip_78411,2815
3_zip_92683-1892,2818
3_zip_76548,2822
3_zip_92646,2824
3_zip_08234,2826
3_zip_13326,2830
3_zip_28270,2833
3_zip_06830,2838
3_zip_55555,2840
3_zip_03867,2842
3_zip_11354,2844
3_zip_16101,2849
3_zip_44060,2851
3_zip_44139,2853
3_zip_48843,2855
3_zip_11423,2858
3_zip_07746,2861
3_zip_04330,2864
3_zip_10010,2866
3_zip_90028,2869
3_zip_91355,2872
3_zip_94514,2874
3_zip_94120,2876
3_zip_99701,2878
3_zip_38340,2880
3_zip_97212,2882
3_zip_60612,2884
3_zip_95610,2889
3_zip_95819,2891
3_zip_62002,2893
3_zip_90813,2895
3_zip_98118,2900
3_zip_98208,2906
3_zip_94044,2908
3_zip_94507,2911
3_zip_94214,2915
3_zip_99703,2917
3_zip_94577,2919
3_zip_77845,2923
3_zip_76707,2925
3_zip_87505,2927
3_zip_15241,2929
3_zip_98516,2931
3_zip_95602,2933
3_zip_95320,2936
3_zip_98368,2938
3_zip_93933,2940
3_zip_98043-3621,2942
3_zip_95816,2944
3_zip_97116,2946
3_zip_91301,2948
3_zip_97123,2950
3_zip_97070,2952
3_zip_95380,2955
3_zip_95833,2961
3_zip_94062,2963
3_zip_34243,2966
3_zip_98465,2968
3_zip_85301,2971
3_zip_98684,2974
3_zip_98116,2976
3_zip_97206,2978
3_zip_95765,2980
3_zip_97233,2986
3_zip_77047,2989
3_zip_98926,2991
3_zip_85033,2993
3_zip_95070,2996
3_zip_64106,2998
3_zip_73147,3000
3_zip_30134,3003
3_zip_73003,3005
3_zip_47421,3007
3_zip_43212,3009
3_zip_53406,3011
3_zip_43229,3013
3_zip_60523,3017
3_zip_70043,3020
3_zip_72058,3022
3_zip_60103,3024
3_zip_00961,3026
3_zip_67218,3028
3_zip_60160,3030
3_zip_50317,3032
3_zip_11710-1641,3034
3_zip_60137,3037
3_zip_91601,3039
3_zip_13655,3041
3_zip_43725,3043
3_zip_94602,3045
3_zip_00606,3048
3_zip_46614,3050
3_zip_77079,3053
3_zip_96153,3055
3_zip_91107,3057
3_zip_08109,3059
3_zip_77566,3061
3_zip_50325,3063
3_zip_33157,3066
3_zip_10040,3070
3_zip_77024,3073
3_zip_27028,3077
3_zip_75149,3080
3_zip_75206,3082
3_zip_33067-1400,3084
3_zip_22112,3086
3_zip_90016,3088
3_zip_76248,3092
3_zip_75205,3097
3_zip_75067,3099
3_zip_79605,3102
3_zip_75044,3104
3_zip_90680,3106
3_zip_99003,3109
3_zip_70115,3111
3_zip_45801,3113
3_zip_17022,3115
3_zip_78133,3118
3_zip_22181,3120
3_zip_08009,3122
3_zip_23454,3124
3_zip_85721,3129
3_zip_19152,3134
3_zip_19146,3136
3_zip_53523,3138
3_zip_20878,3141
3_zip_20724,3143
3_zip_20852,3145
3_zip_52003,3147
3_zip_22204,3149
3_zip_70118,3151
3_zip_22314,3157
3_zip_22401,3159
3_zip_22032,3161
3_zip_20742,3163
3_zip_22031,3165
3_zip_12189,3167
3_zip_08825,3170
3_zip_90035,3173
3_zip_30707,3176
3_zip_56007,3178
3_zip_02254,3181
3_zip_45249,3183
3_zip_43315,3186
3_zip_43560,3190
3_zip_49265,3193
3_zip_07721,3195
3_zip_07302,3198
3_zip_12180,3200
3_zip_53190,3202
3_zip_14433,3204
3_zip_10990,3207
3_zip_11501,3209
3_zip_08817,3212
3_zip_07940,3215
3_zip_95037,3218
3_zip_60047,3225
3_zip_11747,3228
3_zip_12582,3230
3_zip_59602,3232
3_zip_10036,3234
3_zip_92346,3237
3_zip_93004,3239
3_zip_59715,3243
3_zip_66049,3245
3_zip_95129,3249
3_zip_94606,3253
3_zip_95148,3258
3_zip_85248,3260
3_zip_46774,3262
3_zip_02127,3265
3_zip_94107,3268
3_zip_90069,3271
3_zip_92846,3273
3_zip_29732,3275
3_zip_92352,3279
3_zip_94521,3281
3_zip_93108,3283
3_zip_95124,3288
3_zip_80023,3290
3_zip_91335,3293
3_zip_89119,3298
3_zip_91101,3302
3_zip_93536,3307
3_zip_90401,3309
3_zip_30115,3311
3_zip_91311,3314
3_zip_94804,3316
3_zip_89146,3319
3_zip_92805,3322
3_zip_91325,3324
3_zip_95126,3326
3_zip_01938,3329
3_zip_90405,3331
3_zip_92704,3333
3_zip_94525,3336
3_zip_80122,3338
3_zip_92780,3340
3_zip_94303,3342
3_zip_90026,3344
3_zip_90630,3346
3_zip_92886,3348
3_zip_95404,3350
3_zip_94550,3355
3_zip_94703,3359
3_zip_95014,3361
3_zip_92335,3365
3_zip_91351,3367
3_zip_95158,3370
3_zip_91501,3374
3_zip_93107,3376
3_zip_93111,3381
3_zip_92595,3383
3_zip_49024,3385
3_zip_91402,3390
3_zip_03109,3392
3_zip_44280,3394
3_zip_23185,3396
3_zip_17055,3398
3_zip_60914,3403
3_zip_91941,3405
3_zip_89523,3407
3_zip_48304,3409
3_zip_93637,3411
3_zip_92116,3413
3_zip_85258,3415
3_zip_89052,3418
3_zip_80230,3420
3_zip_92111,3422
3_zip_97361,3426
3_zip_58703,3428
3_zip_02726,3430
3_zip_43357,3432
3_zip_80303,3436
3_zip_80540,3438
3_zip_91977,3443
3_zip_62629,3445
3_zip_02090,3448
3_zip_85257,3450
3_zip_48309,3452
3_zip_85259,3454
3_zip_99508,3456
3_zip_89012,3458
3_zip_85364,3460
3_zip_85621,3462
3_zip_84108,3464
3_zip_24018,3466
3_zip_02113,3468
3_zip_44685,3470
3_zip_02136-1522,3473
3_zip_80014,3475
3_zip_53572,3477
3_zip_58601,3479
3_zip_66048,3481
3_zip_80442,3483
3_zip_48220,3485
3_zip_81520,3488
3_zip_01545,3490
3_zip_49456,3492
3_zip_60543,3494
3_zip_53233,3496
3_zip_01003,3498
3_zip_20783,3500
3_zip_35808,3502
3_zip_46214,3504
3_zip_45011,3507
3_zip_61364,3509
3_zip_56001,3512
3_zip_06614,3514
3_zip_03440,3516
3_zip_49277,3518
3_zip_48021,3520
3_zip_44131,3522
3_zip_77345,3525
3_zip_44614,3528
3_zip_91436,3530
3_zip_01851,3532
3_zip_45212,3534
3_zip_02468,3537
3_zip_33301,3539
3_zip_60060,3541
3_zip_02494,3543
3_zip_24015,3545
3_zip_79358,3547
3_zip_37931,3549
3_zip_49408,3551
3_zip_24179,3553
3_zip_06437,3556
3_zip_99504,3560
3_zip_93906,3562
3_zip_46033,3564
3_zip_06416,3566
3_zip_03110,3568
3_zip_49008,3570
3_zip_56301,3572
3_zip_49417,3574
3_zip_44130,3577
3_zip_44107,3580
3_zip_44646,3582
3_zip_43138,3584
3_zip_01020,3586
3_zip_46807,3588
3_zip_53202,3590
3_zip_43528,3593
3_zip_79068,3595
3_zip_01605,3598
3_zip_21133,3600
3_zip_13148,3602
3_zip_13323,3608
3_zip_48323,3613
3_zip_64920,3615
3_zip_23186,3617
3_zip_48328,3620
3_zip_37923-3112,3622
3_zip_60618,3624
3_zip_17601,3626
3_zip_48313,3628
3_zip_48044,3630
3_zip_49006,3632
3_zip_48322,3634
3_zip_60061,3636
3_zip_58504,3638
3_zip_33990,3640
3_zip_48504,3642
3_zip_24017,3646
3_zip_48825,3649
3_zip_03062,3651
3_zip_60035,3653
3_zip_24060,3655
3_zip_13090,3660
3_zip_46802,3662
3_zip_32806,3664
3_zip_23116,3666
3_zip_04456,3668
3_zip_21740,3670
3_zip_01519,3672
3_zip_49546,3674
3_zip_49307,3676
3_zip_02148,3678
3_zip_02356,3682
3_zip_13064,3685
3_zip_12306,3687
3_zip_12309,3691
3_zip_46737,3693
3_zip_04103,3695
3_zip_03060,3697
3_zip_01607,3701
3_zip_01778,3704
3_zip_13027,3706
3_zip_00681,3708
3_zip_88119,3710
3_zip_46804,3713
3_zip_48706,3715
3_zip_32607,3718
3_zip_46517,3720
3_zip_96002,3723
3_zip_60641,3725
3_zip_22904,3729
3_zip_33316,3731
3_zip_22807,3733
3_zip_97405,3735
3_zip_68508,3737
3_zip_50246,3739
3_zip_55912,3741
3_zip_46556,3746
3_zip_95521,3748
3_zip_35810,3750
3_zip_87122,3752
3_zip_95826,3754
3_zip_32836,3756
3_zip_99203,3758
3_zip_60202,3761
3_zip_95451,3763
3_zip_99114,3765
3_zip_87502,3769
3_zip_99217,3772
3_zip_85251,3776
3_zip_28304,3778
3_zip_27713-9225,3780
3_zip_45245,3782
3_zip_60443,3784
3_zip_11795,3786
3_zip_45403,3788
3_zip_27502,3790
3_zip_41018,3792
3_zip_60148,3796
3_zip_27603,3798
3_zip_45231,3800
3_zip_27713,3802
3_zip_41011,3804
3_zip_45233,3806
3_zip_45140,3809
3_zip_27515,3811
3_zip_60613,3814
3_zip_60016,3816
3_zip_11743,3819
3_zip_53718,3821
3_zip_07508,3826
3_zip_10006,3828
3_zip_88005-4313,3831
3_zip_60622,3835
3_zip_93940,3838
3_zip_44906,3841
3_zip_64153,3843
3_zip_95451-9554,3846
3_zip_94931,3848
3_zip_60123,3851
3_zip_60025,3853
3_zip_96815,3855
3_zip_61821,3860
3_zip_60302,3862
3_zip_85726,3864
3_zip_60187,3867
3_zip_85718,3869
3_zip_46324,3871
3_zip_96782,3873
3_zip_14905,3875
3_zip_64117,3879
3_zip_60647,3881
3_zip_86701,3884
3_zip_60565,3886
3_zip_60007,3888
3_zip_46755,3892
3_zip_60466,3894
3_zip_60010,3896
3_zip_60626,3898
3_zip_01562,3900
3_zip_33317,3903
3_zip_44303,3905
3_zip_59840,3907
3_zip_10033,3910
3_zip_70503,3912
3_zip_33025,3915
3_zip_37877,3919
3_zip_60506,3921
3_zip_48118,3923
3_zip_37774,3925
3_zip_14620,3929
3_zip_71731,3932
3_zip_23235,3934
3_zip_31401,3936
3_zip_39211,3938
3_zip_44143,3940
3_zip_13035,3942
3_zip_01536,3944
3_zip_08816,3946
3_zip_32117,3950
3_zip_44708,3952
3_zip_82604,3956
3_zip_06082,3958
3_zip_52002,3961
3_zip_61021,3963
3_zip_13214,3965
3_zip_13039,3967
3_zip_48130,3969
3_zip_72316,3972
3_zip_22923,3974
3_zip_49423,3979
3_zip_02478,3981
3_zip_94103,3985
3_zip_02140,3989
3_zip_08901,3992
3_zip_22902,3995
3_zip_13131,3997
3_zip_48103-4711,3999
3_zip_48114,4002
3_zip_57108,4005
3_zip_06043,4009
3_zip_50321,4014
3_zip_27708,4016
3_zip_01040,4018
3_zip_48169,4020
3_zip_13212,4022
3_zip_97367,4024
3_zip_13146,4032
3_zip_49424,4034
3_zip_13152,4036
3_zip_48107,4041
3_zip_01604,4043
3_zip_50309,4050
3_zip_44312,4052
3_zip_61270,4056
3_zip_13203,4059
3_zip_13316,4062
3_zip_06074,4064
3_zip_13685,4066
3_zip_95823,4071
3_zip_13078,4073
3_zip_01532,4076
3_zip_13057,4079
3_zip_06040,4081
3_zip_13215,4083
3_zip_01602,4086
3_zip_06108,4092
3_zip_75150,4094
3_zip_62034,4101
3_zip_32224,4105
3_zip_33076,4109
3_zip_13126,4111
3_zip_13123,4114
3_zip_37923,4116
3_zip_08021,4118
3_zip_22102,4120
3_zip_43201,4122
3_zip_11355,4125
3_zip_95687,4127
3_zip_32024,4130
3_zip_37743,4132
3_zip_64055,4134
3_zip_78065,4136
3_zip_01520,4138
3_zip_11358,4140
3_zip_06071,4144
3_zip_01501,4147
3_zip_06118,4149
3_zip_49503,4151
3_zip_22407,4153
3_zip_01531,4155
3_zip_53045,4157
3_zip_06096,4160
3_zip_37938,4162
3_zip_44306,4164
3_zip_02865,4166
3_zip_95035,4169
3_zip_45243,4171
3_zip_01606,4173
3_zip_94010,4175
3_zip_45255,4177
3_zip_01430,4190
3_zip_42406,4192
3_zip_36830,4194
3_zip_49464,4196
3_zip_42420,4198
3_zip_10038,4201
3_zip_03051,4203
3_zip_37932,4205
3_zip_01612,4208
3_zip_55429,4212
3_zip_60656,4217
3_zip_85040,4219
3_zip_44313,4221
3_zip_36067,4223
3_zip_33916,4227
3_zip_44333,4230
3_zip_44224,4233
3_zip_44240,4235
3_zip_52001,4238
3_zip_98683,4240
3_zip_83815,4244
3_zip_78703,4247
3_zip_94410,4252
3_zip_37772,4255
3_zip_90503,4257
3_zip_31901,4259
3_zip_95746,4261
3_zip_55438,4264
3_zip_31804,4266
3_zip_37843,4268
3_zip_37924,4272
3_zip_56401,4276
3_zip_36109,4281
3_zip_29672,4283
3_zip_19360,4287
3_zip_77429,4293
3_zip_15209,4297
3_zip_37914,4302
3_zip_37909,4304
3_zip_53806,4306
3_zip_11793,4308
3_zip_95448,4311
3_zip_38558,4316
3_zip_95903,4322
3_zip_37917,4326
3_zip_03431,4330
3_zip_37830,4332
3_zip_37620,4334
3_zip_32444,4337
3_zip_37920,4346
3_zip_37919,4348
3_zip_29369,4353
3_zip_10522,4357
3_zip_02430,4359
3_zip_02452,4361
3_zip_53061,4363
3_zip_53207,4365
3_zip_84318,4367
3_zip_98021,4370
3_zip_53132,4372
3_zip_43230,4374
3_zip_34786,4376
3_zip_94022,4378
3_zip_06451,4380
3_zip_31311,4382
3_zip_45248,4384
3_zip_95005,4386
3_zip_20151,4388
3_zip_75005,4390
3_zip_94536,4392
3_zip_77099,4397
3_zip_91411,4400
3_zip_12538,4402
3_zip_19610,4406
3_zip_94563,4408
3_zip_64081-8102,4410
3_zip_78737,4414
3_zip_80004-4448,4419
3_zip_31047,4422
3_zip_48152,4425
3_zip_20866,4428
3_zip_19312,4431
3_zip_27613,4433
3_zip_19126,4436
3_zip_45459,4438
3_zip_75013,4440
3_zip_34285,4442
3_zip_48178,4444
3_zip_55391,4447
3_zip_07719,4450
3_zip_92120,4453
3_zip_15205,4455
3_zip_21029,4457
3_zip_02657,4459
3_zip_60081,4461
3_zip_53538,4463
3_zip_95677,4465
3_zip_47306,4467
3_zip_46304,4469
3_zip_27516,4471
3_zip_30345,4473
3_zip_61910,4476
3_zip_04056,4478
3_zip_06877,4480
3_zip_15237,4483
3_zip_78704,4485
3_zip_07728,4489
3_zip_15701,4491
3_zip_06403,4493
3_zip_06405,4497
3_zip_80236,4499
3_zip_19428,4502
3_zip_33073,4504
3_zip_99005,4506
3_zip_45215,4508
3_zip_18049,4511
3_zip_27707,4514
3_zip_80126,4516
3_zip_75080,4518
3_zip_11779,4520
3_zip_84010,4522
3_zip_48336,4525
3_zip_66224,4527
3_zip_32837,4529
3_zip_47403,4531
3_zip_28704,4535
3_zip_02021,4538
3_zip_52402,4541
3_zip_98443,4543
3_zip_63128,4545
3_zip_08043,4547
3_zip_24541,4550
3_zip_54220,4553
3_zip_04096,4555
3_zip_77040,4557
3_zip_98664,4560
3_zip_66204,4563
3_zip_49707,4565
3_zip_01864,4568
3_zip_60188,4572
3_zip_02116,4575
3_zip_85283,4577
3_zip_08805,4579
3_zip_54915,4581
3_zip_24210,4584
3_zip_72949,4588
3_zip_87031,4593
3_zip_74128,4596
3_zip_30117,4598
3_zip_65201,4601
3_zip_52803,4603
3_zip_72764,4605
3_zip_44115,4610
3_zip_01075,4614
3_zip_33953,4616
3_zip_96811,4618
3_zip_96822,4621
3_zip_96825,4623
3_zip_96826,4625
3_zip_96817,4627
3_zip_98100,4629
3_zip_20795,4631
3_zip_19382,4633
3_zip_28147,4636
3_zip_30071,4639
3_zip_60603,4642
3_zip_27614,4644
3_zip_17402,4646
3_zip_48640,4648
3_zip_11050,4650
3_zip_02912,4654
3_zip_50311,4658
3_zip_92316,4661
3_zip_36092,4665
3_zip_72601,4667
3_zip_53818,4669
3_zip_50265-2850,4672
3_zip_90025,4674
3_zip_85719,4676
3_zip_28120,4680
3_zip_77006,4682
3_zip_29631,4686
3_zip_97331,4688
3_zip_12436,4691
3_zip_36102,4693
3_zip_01886,4695
3_zip_80917,4697
3_zip_63131,4699
3_zip_02420,4703
3_zip_20170,4708
3_zip_14260,4710
3_zip_92037,4712
3_zip_78766,4715
3_zip_22205,4719
3_zip_95326,4721
3_zip_94133,4725
3_zip_45205,4727
3_zip_48858,4729
3_zip_20007,4732
3_zip_29928,4734
3_zip_70116,4743
3_zip_33710,4746
3_zip_55404,4751
3_zip_73070,4753
3_zip_46234,4758
3_zip_15208,4761
3_zip_60610,4764
3_zip_64093,4767
3_zip_60607,4770
3_zip_60477,4774
3_zip_60015,4776
3_zip_53130,4778
3_zip_44122,4781
3_zip_02111,4787
3_zip_02454,4792
3_zip_32225,4796
3_zip_85003,4799
3_zip_33304,4801
3_zip_07974,4804
3_zip_95864,4807
3_zip_98056,4811
3_zip_30145,4813
3_zip_87103,4816
3_zip_74074,4818
3_zip_91604,4820
3_zip_47401,4823
3_zip_94608,4826
3_zip_444555,4830
3_zip_64151,4832
3_zip_94102,4834
3_zip_10469,4837
3_zip_06510,4842
3_zip_55066,4844
3_zip_11725,4847
3_zip_21014,4849
3_zip_53717,4851
3_zip_15204,4853
3_zip_98110,4858
3_zip_02149,4864
3_zip_80687,4866
3_zip_88005,4868
3_zip_60062,4870
3_zip_77019,4873
3_zip_30101,4876
3_zip_53222,4878
3_zip_60073,4881
3_zip_66044,4887
3_zip_84064,4889
3_zip_07039,4893
3_zip_95120,4899
3_zip_78749,4901
3_zip_98007,4903
3_zip_20850,4905
3_zip_16802,4907
3_zip_74403,4912
3_zip_43228,4914
3_zip_92614,4920
3_zip_23423,4922
3_zip_98011,4924
3_zip_98112,4927
3_zip_88076,4929
3_zip_53221,4932
3_zip_55118,4938
3_zip_90068,4941
3_zip_45420,4944
3_zip_16803,4946
3_zip_32082,4949
3_zip_94901,4956
3_zip_93103,4960
3_zip_89507,4964
3_zip_48185,4968
3_zip_72761,4971
3_zip_23225,4975
3_zip_11435,4977
3_zip_92025,4979
3_zip_06851,4994
3_zip_86001,5002
3_zip_45236,5005
3_zip_91766,5008
3_zip_52556,5010
3_zip_97850,5013
3_zip_14853,5023
3_zip_12133,5025
3_zip_63011,5029
3_zip_45238,5031
3_zip_33813,5034
3_zip_45750,5042
3_zip_33174,5044
3_zip_78660,5050
3_zip_97124,5052
3_zip_62707,5055
3_zip_85255,5058
3_zip_78730,5064
3_zip_12701,5071
3_zip_48135,5075
3_zip_47303,5077
3_zip_02906,5079
3_zip_33143,5081
3_zip_90230,5083
3_zip_14843,5085
3_zip_33611,5089
3_zip_22046,5091
3_zip_49042,5094
3_zip_77301,5097
3_zip_46311,5100
3_zip_02066,5103
3_zip_44056,5110
3_zip_98501,5112
3_zip_10309,5114
3_zip_55123,5117
3_zip_92705,5120
3_zip_29440,5122
3_zip_03106,5124
3_zip_97470,5132
3_zip_10708,5134
3_zip_23451,5139
3_zip_06107,5141
3_zip_30024,5143
3_zip_77252,5149
3_zip_97403,5152
3_zip_01581,5154
3_zip_90802,5158
3_zip_87110,5160
3_zip_19107,5164
3_zip_98108,5166
3_zip_89134,5168
3_zip_38028,5172
3_zip_91423,5177
3_zip_34170,5180
3_zip_64112,5182
3_zip_02118,5184
3_zip_98166,5186
3_zip_33142,5188
3_zip_92656,5190
3_zip_22039,5192
3_zip_56520,5196
3_zip_65211,5200
3_zip_83704,5204
3_zip_32118,5209
3_zip_22209,5211
3_zip_30337,5214
3_zip_21117,5220
3_zip_32835,5222
3_zip_98467,5225
3_zip_33720,5227
3_zip_72801,5231
3_zip_46229,5234
3_zip_89128,5236
3_zip_78728,5238
3_zip_81679,5240
3_zip_90272,5243
3_zip_85260,5245
3_zip_31605,5248
3_zip_49355,5250
3_zip_72837,5252
3_zip_92602,5254
3_zip_92870,5257
3_zip_73160,5260
3_zip_07663,5264
3_zip_92880,5266
3_zip_15217,5268
3_zip_77521,5271
3_zip_08854-3115,5274
3_zip_77056,5280
3_zip_94546,5282
3_zip_23518,5284
3_zip_08461,5286
3_zip_10018,5291
3_zip_07430,5298
3_zip_07436,5300
3_zip_60510,5303
3_zip_21214,5305
3_zip_55337,5307
3_zip_32935,5310
3_zip_55344,5312
3_zip_97062,5315
3_zip_92019,5319
3_zip_92648,5321
3_zip_45219,5324
3_zip_57106,5328
3_zip_35216,5331
3_zip_90254,5334
3_zip_80304,5336
3_zip_44089,5339
3_zip_30342,5342
3_zip_21555,5344
3_zip_83705,5349
3_zip_48070,5355
3_zip_54302,5357
3_zip_19106,5360
3_zip_10583,5362
3_zip_93428,5365
3_zip_05448,5370
3_zip_93105,5372
3_zip_87801,5379
3_zip_87111,5381
3_zip_05401,5383
3_zip_10069,5385
3_zip_07730,5387
3_zip_55403,5389
3_zip_20004,5391
3_zip_15330,5402
3_zip_76067,5404
3_zip_26505,5406
3_zip_95843,5408
3_zip_91902,5410
3_zip_02339,5414
3_zip_44514,5417
3_zip_04106,5426
3_zip_45220,5428
3_zip_08330,5432
3_zip_02062,5435
3_zip_33486,5442
3_zip_79705,5444
3_zip_66208,5447
3_zip_44706,5450
3_zip_80013,5452
3_zip_27514-3540,5454
3_zip_95695,5457
3_zip_79410,5461
3_zip_20876,5468
3_zip_19119,5470
3_zip_94708,5477
3_zip_60045,5479
3_zip_90640,5481
3_zip_15701-1348,5483
3_zip_20707,5485
3_zip_12561,5487
3_zip_90039,5489
3_zip_06516,5493
3_zip_92557,5496
3_zip_30047,5499
3_zip_56082,5502
3_zip_68516,5505
3_zip_11784,5507
3_zip_39180,5510
3_zip_64138,5512
3_zip_91790-1161,5515
3_zip_47933,5518
3_zip_06854,5520
3_zip_29404-2205,5523
3_zip_09142,5525
3_zip_93436,5528
3_zip_08053,5531
3_zip_44118,5533
3_zip_48097,5535
3_zip_91730,5537
3_zip_18655,5542
3_zip_91362,5545
3_zip_92054,5548
3_zip_30533,5552
3_zip_18615,5555
3_zip_400060,5557
3_zip_95031,5559
3_zip_91790,5562
3_zip_22936,5564
3_zip_90212,5568
3_zip_04046,5570
3_zip_17033,5572
3_zip_23059,5574
3_zip_08750,5576
3_zip_55435,5579
3_zip_14701,5581
3_zip_92833,5583
3_zip_94709,5587
3_zip_64801,5589
3_zip_89193,5591
3_zip_10803,5593
3_zip_03570,5595
3_zip_96671,5600
3_zip_03070,5603
3_zip_91304,5605
3_zip_32212,5607
3_zip_13603,5612
3_zip_08108,5616
3_zip_60563,5618
3_zip_02134,5621
3_zip_30033,5625
3_zip_14623,5627
3_zip_08742,5629
3_zip_30306,5632
3_zip_48342,5634
3_zip_85214,5638
3_zip_60050,5640
3_zip_48127,5643
3_zip_20653,5645
3_zip_85213,5648
3_zip_75146,5651
3_zip_80129,5653
3_zip_14616,5656
3_zip_22305,5658
3_zip_43221,5663
3_zip_84088,5665
3_zip_78267,5670
3_zip_48867,5675
3_zip_27410,5677
3_zip_98503,5682
3_zip_37203,5684
3_zip_78735,5686
3_zip_76116,5688
3_zip_32822,5690
3_zip_33401,5695
3_zip_30620,5698
3_zip_02142,5702
3_zip_78251,5704
3_zip_07702,5707
3_zip_07981,5709
3_zip_19083,5714
3_zip_02131,5716
3_zip_76266,5718
3_zip_95409,5721
3_zip_80301,5724
3_zip_45383,5727
3_zip_02176,5732
3_zip_49887,5734
3_zip_33156,5737
3_zip_02472,5739
3_zip_10538,5741
3_zip_33133,5743
3_zip_44126,5745
3_zip_78626,5749
3_zip_59405,5751
3_zip_30260,5755
3_zip_28403,5757
3_zip_74136,5764
3_zip_28542,5766
3_zip_61350,5769
3_zip_28607,5771
3_zip_28052,5776
3_zip_20650,5779
3_zip_30309,5781
3_zip_80503,5783
3_zip_88004,5793
3_zip_30318,5797
3_zip_42101,5800
3_zip_40515,5805
3_zip_97469,5808
3_zip_53404,5810
3_zip_83355,5812
3_zip_62263-3004,5815
3_zip_41144,5818
3_zip_77058,5821
3_zip_68506,5826
3_zip_77630,5828
3_zip_57103,5830
3_zip_97402,5832
3_zip_40504,5834
3_zip_14803,5839
3_zip_60659,5841
3_zip_92507,5843
3_zip_41706,5846
3_zip_92965,5849
3_zip_98374,5853
3_zip_02879,5855
3_zip_61600,5857
3_zip_15203,5859
3_zip_55430,5861
3_zip_03038,5863
3_zip_11364,5867
3_zip_63304,5870
3_zip_32812,5872
3_zip_02169,5875
3_zip_19050,5882
3_zip_10044,5884
3_zip_04287,5886
3_zip_68046,5891
3_zip_00231,5893
3_zip_96714,5895
3_zip_32219,5897
3_zip_57382,5900
3_zip_52405,5902
3_zip_41075,5904
3_zip_76543,5906
3_zip_93611,5910
3_zip_80010,5913
3_zip_96158,5916
3_zip_53719,5919
3_zip_02322,5921
3_zip_85024,5923
3_zip_55446,5926
3_zip_97378,5929
3_zip_55443,5933
3_zip_02445,5938
3_zip_32506,5940
3_zip_48239,5943
3_zip_30064,5945
3_zip_29609,5948
3_zip_37205,5950
3_zip_45458,5952
3_zip_76028,5954
3_zip_33759,5956
3_zip_49034,5958
3_zip_22657,5960
3_zip_33023,5964
3_zip_43209,5967
3_zip_60068,5969
3_zip_48439,5971
3_zip_85287,5974
3_zip_33881,5980
3_zip_60441,5982
3_zip_88001,5984
3_zip_06708,5987
3_zip_78250,5991
3_zip_02370,5993
3_zip_92008,5995
3_zip_22302,5998
3_zip_97232,6001
3_zip_98106,6003
3_zip_85210,6006
3_zip_96661,6012
3_zip_34610,6016
3_zip_95121,6018
3_zip_07090,6020
3_zip_29649,6022
3_zip_15137,6024
3_zip_08852,6026
3_zip_68144,6032
3_zip_10706,6034
3_zip_33324,6036
3_zip_08406,6041
3_zip_06680,6045
3_zip_48109,6047
3_zip_06906,6049
3_zip_06880,6051
3_zip_68108,6053
3_zip_94939,6055
3_zip_29662,6057
3_zip_30606,6060
3_zip_83713,6062
3_zip_55100,6064
3_zip_62221,6067
3_zip_80906,6070
3_zip_63116,6072
3_zip_89147,6075
3_zip_28227,6078
3_zip_19149,6081
3_zip_30127,6085
3_zip_53095,6089
3_zip_04255,6092
3_zip_30076,6094
3_zip_46725,6096
3_zip_34744,6098
3_zip_30097,6100
3_zip_89502,6102
3_zip_02818,6104
3_zip_60042,6107
3_zip_55428,6111
3_zip_36115,6113
3_zip_94533,6115
3_zip_39759,6118
3_zip_43065,6120
3_zip_94065,6122
3_zip_53048,6125
3_zip_77083,6127
3_zip_92882,6130
3_zip_74401,6132
3_zip_48911,6136
3_zip_67443,6138
3_zip_02777,6141
3_zip_77840,6143
3_zip_44242,6146
3_zip_37127,6148
3_zip_01904-1355,6150
3_zip_96818,6154
3_zip_60645,6158
3_zip_49442,6160
3_zip_89109,6163
3_zip_02026,6165
3_zip_60664,6167
3_zip_94116,6169
3_zip_86314,6172
3_zip_42518,6174
3_zip_94612,6176
3_zip_08810,6178
3_zip_53188,6180
3_zip_54751,6184
3_zip_11746,6188
3_zip_06111,6191
3_zip_50322,6198
3_zip_14982,6200
3_zip_14619,6205
3_zip_61832,6209
3_zip_98383,6211
3_zip_46979,6213
3_zip_97267,6217
3_zip_93401,6220
3_zip_60516,6227
3_zip_21093,6230
3_zip_53211,6232
3_zip_91405,6234
3_zip_48326,6238
3_zip_17844,6240
3_zip_19006,6245
3_zip_89031,6248
3_zip_32095,6251
3_zip_20016,6255
3_zip_80910,6259
3_zip_20122,6264
3_zip_90804,6268
3_zip_93711,6272
3_zip_32308,6274
3_zip_06279,6276
3_zip_87020,6279
3_zip_92101,6281
3_zip_22307,6283
3_zip_60630,6285
3_zip_84780,6287
3_zip_28804,6294
3_zip_02651,6297
3_zip_26101,6300
3_zip_32043,6303
3_zip_73071,6305
3_zip_33884,6308
3_zip_12801,6310
3_zip_70809-2612,6312
3_zip_14086,6314
3_zip_92278,6316
3_zip_30340,6321
3_zip_20886,6323
3_zip_93449,6325
3_zip_08822,6327
3_zip_63119,6329
3_zip_89145,6331
3_zip_44129,6333
3_zip_12604,6335
3_zip_29630,6339
3_zip_63130,6342
3_zip_73112,6345
3_zip_63544,6347
3_zip_95050,6349
3_zip_64468,6351
3_zip_14613,6353
3_zip_66605,6357
3_zip_33705,6360
3_zip_83687,6363
3_zip_54942,6365
3_zip_44515,6367
3_zip_92728,6372
3_zip_80513,6375
3_zip_02067,6377
3_zip_66203,6379
3_zip_79401,6384
3_zip_92069,6389
3_zip_01772,6391
3_zip_55343,6394
3_zip_46239,6397
3_zip_02542,6399
3_zip_48445,6401
3_zip_361069,6403
3_zip_54409,6405
3_zip_40207,6413
3_zip_84123,6415
3_zip_71111,6417
3_zip_30189,6421
3_zip_73702,6423
3_zip_63126,6425
3_zip_95820,6427
3_zip_77042,6432
3_zip_67846,6435
3_zip_55812,6437
3_zip_80227,6439
3_zip_52240,6441
3_zip_49221,6444
3_zip_44512,6447
3_zip_01464,6450
3_zip_92020,6452
3_zip_92711-0571,6454
3_zip_32708,6457
3_zip_40031,6459
3_zip_49855,6461
3_zip_96778,6465
3_zip_90019,6468
3_zip_61554,6470
3_zip_44266,6472
3_zip_60056,6474
3_zip_60014,6476
3_zip_12449,6478
3_zip_32601,6481
3_zip_12831,6483
3_zip_94930-2010,6485
3_zip_40242,6487
3_zip_46112,6489
3_zip_03768,6491
3_zip_55014,6493
3_zip_45230,6495
3_zip_66502,6499
3_zip_65202,6501
3_zip_30096,6503
3_zip_02903,6506
3_zip_23229,6511
3_zip_30741,6514
3_zip_22180,6518
3_zip_78252,6520
3_zip_59072,6522
3_zip_66762,6524
3_zip_97701,6526
3_zip_95929,6528
3_zip_75089,6531
3_zip_01880,6533
3_zip_01742,6536
3_zip_17350,6540
3_zip_33309,6542
3_zip_32653,6544
3_zip_22015,6546
3_zip_43081,6548
3_zip_22810,6550
3_zip_32825,6552
3_zip_74354,6555
3_zip_30701,6557
3_zip_08876,6559
3_zip_01860,6561
3_zip_20880,6563
3_zip_46143,6565
3_zip_21050,6567
3_zip_12110,6569
3_zip_48038,6571
3_zip_44039,6575
3_zip_49503-1313,6579
3_zip_77803,6581
3_zip_48316-5601,6583
3_zip_75605,6585
3_zip_33901,6587
3_zip_17972,6589
3_zip_77034,6593
3_zip_95236,6595
3_zip_53403,6597
3_zip_32404,6599
3_zip_77018,6602
3_zip_68164,6604
3_zip_12533,6606
3_zip_21114,6609
3_zip_42445,6612
3_zip_43551,6615
3_zip_21113,6617
3_zip_45251,6619
3_zip_46530,6621
3_zip_11510-2001,6624
3_zip_48005,6628
3_zip_40511,6633
3_zip_89431,6637
3_zip_36264,6643
3_zip_68122,6645
3_zip_98826,6647
3_zip_18249,6650
3_zip_73118,6652
3_zip_80232,6654
3_zip_32726,6657
3_zip_60559,6659
3_zip_29070,6661
3_zip_20851,6663
3_zip_48341,6665
3_zip_91607,6668
3_zip_89185,6670
3_zip_33823,6674
3_zip_70003,6677
3_zip_78746,6679
3_zip_47901,6681
3_zip_28226,6685
3_zip_48912,6688
3_zip_19403,6690
3_zip_14215,6694
3_zip_79416,6696
3_zip_63376,6699
3_zip_77057,6701
3_zip_77379,6704
3_zip_19063,6707
3_zip_70806,6709
3_zip_49017,6711
3_zip_60004,6714
3_zip_63366,6716
3_zip_53150,6718
3_zip_94954,6720
3_zip_23233,6723
3_zip_48655,6725
3_zip_11211,6727
3_zip_42141,6729
3_zip_95437,6732
3_zip_23221,6734
3_zip_77536,6736
3_zip_97202,6738
3_zip_41722,6740
3_zip_32603,6742
3_zip_47129,6744
3_zip_58503,6746
3_zip_48187,6748
3_zip_07040,6751
3_zip_91221,6754
3_zip_39401,6756
3_zip_71118,6758
3_zip_82070,6761
3_zip_62330-1408,6764
3_zip_13676,6766
3_zip_12144,6771
3_zip_97720,6774
3_zip_80112,6776
3_zip_77009,6778
3_zip_46321,6781
3_zip_32112,6787
3_zip_02451,6792
3_zip_78681,6794
3_zip_44301,6796
3_zip_02889,6798
3_zip_55021,6800
3_zip_32792,6802
3_zip_74114,6806
3_zip_01450,6814
3_zip_90404,6817
3_zip_50677,6821
3_zip_37766,6826
3_zip_19901,6831
3_zip_29063,6833
3_zip_20110,6835
3_zip_19008,6838
3_zip_13502,6843
3_zip_33177,6845
3_zip_80903,6847
3_zip_32114,6850
3_zip_33308,6853
3_zip_63026,6855
3_zip_74137,6857
3_zip_91364,6859
3_zip_89108,6861
3_zip_93907,6865
3_zip_60637,6867
3_zip_14221,6870
3_zip_18042,6872
3_zip_80631,6874
3_zip_32712,6876
3_zip_65550,6879
3_zip_21234,6881
3_zip_58270,6883
3_zip_06905,6885
3_zip_22947,6888
3_zip_90731,6890
3_zip_90403,6892
3_zip_37363,6894
3_zip_85710,6896
3_zip_77662,6898
3_zip_56716,6900
3_zip_63125,6902
3_zip_20121,6904
3_zip_01752,6907
3_zip_97225,6912
3_zip_55976,6915
3_zip_48198,6918
3_zip_76021,6921
3_zip_11414-2520,6923
3_zip_34235,6927
3_zip_90029,6933
3_zip_07960,6935
3_zip_77450,6937
3_zip_44691,6939
3_zip_55330,6942
3_zip_11767,6944
3_zip_32137,6947
3_zip_48146,6949
3_zip_44286,6951
3_zip_48034,6953
3_zip_26508,6956
3_zip_65203,6958
3_zip_33313,6960
3_zip_60139,6962
3_zip_03301,6965
3_zip_38654,6967
3_zip_13041,6969
3_zip_78945,6971
3_zip_38122,6973
3_zip_19711,6975
3_zip_45380,6977
3_zip_59079,6979
3_zip_07950,6981
3_zip_06512,6983
3_zip_02171,6989
3_zip_13211,6993
3_zip_83405,6995
3_zip_04258,6999
3_zip_96821,7002
3_zip_09094,7005
3_zip_43215,7007
3_zip_27587,7009
3_zip_15801,7012
3_zip_98632,7014
3_zip_40601,7016
3_zip_62704,7018
3_zip_11554,7020
3_zip_35244,7022
3_zip_46580,7024
3_zip_32068,7026
3_zip_98661,7028
3_zip_98178,7031
3_zip_75633,7034
3_zip_90605,7036
3_zip_33030,7038
3_zip_85705,7041
3_zip_38135,7045
3_zip_45385,7047
3_zip_46250,7050
3_zip_27616,7052
3_zip_67301,7054
3_zip_33702,7057
3_zip_36301,7059
3_zip_57006,7061
3_zip_68502,7063
3_zip_07067,7066
3_zip_79925,7068
3_zip_02891,7073
3_zip_44125,7075
3_zip_89114,7077
3_zip_82072,7081
3_zip_30082,7084
3_zip_75650,7088
3_zip_78232,7090
3_zip_60606,7094
3_zip_33134,7096
3_zip_70458,7098
3_zip_74011,7100
3_zip_40241,7102
3_zip_76135,7104
3_zip_46222,7106
3_zip_78748,7108
3_zip_33433,7111
3_zip_66614,7113
3_zip_75007,7115
3_zip_44304,7118
3_zip_77304,7121
3_zip_29118,7125
3_zip_11010,7128
3_zip_78611,7131
3_zip_08028,7133
3_zip_85730,7135
3_zip_83616,7137
3_zip_04457,7139
3_zip_33168,7141
3_zip_98001,7143
3_zip_91602,7147
3_zip_46350,7150
3_zip_52057,7153
3_zip_63109,7158
3_zip_75010,7160
3_zip_32920,7162
3_zip_27203,7166
3_zip_27278,7170
3_zip_37153,7172
3_zip_65804,7174
3_zip_74055,7180
3_zip_75074,7183
3_zip_48072,7185
3_zip_43402,7188
3_zip_44221,7194
3_zip_43612,7197
3_zip_43403,7199
3_zip_19033,7209
3_zip_65023,7211
3_zip_40475,7213
3_zip_10463,7226
3_zip_52241,7228
3_zip_98607,7231
3_zip_51104,7234
3_zip_46940,7236
3_zip_21045,7241
3_zip_76904,7245
3_zip_19067,7247
3_zip_11947,7250
3_zip_37664,7252
3_zip_81005,7254
3_zip_91321,7258
3_zip_60435,7262
3_zip_32953,7264
3_zip_27513,7267
3_zip_78666,7271
3_zip_95667,7273
3_zip_111225,7275
3_zip_49770,7278
3_zip_95492,7280
3_zip_15701-2017,7282
3_zip_28027,7284
3_zip_70005,7286
3_zip_81101,7288
3_zip_07405,7291
3_zip_62052,7293
3_zip_15333,7297
3_zip_75601,7299
3_zip_15089,7302
3_zip_14424,7305
3_zip_28805,7308
3_zip_10020,7310
3_zip_50588,7312
3_zip_98908,7314
3_zip_33015,7317
3_zip_26104,7320
3_zip_94613,7324
3_zip_98674,7327
3_zip_01850,7329
3_zip_78613,7332
3_zip_70123,7334
3_zip_45322-3132,7337
3_zip_33460,7340
3_zip_22906,7342
3_zip_06513,7344
3_zip_29678,7346
3_zip_76054,7348
3_zip_62702,7350
3_zip_01379,7354
3_zip_85374,7356
3_zip_65775,7358
3_zip_39648,7360
3_zip_29464,7362
3_zip_38261,7366
3_zip_92503,7368
3_zip_62234,7370
3_zip_16508,7372
3_zip_61704,7374
3_zip_48604,7376
3_zip_29449,7378
3_zip_53142,7380
3_zip_45810,7385
3_zip_15202,7387
3_zip_81004,7389
3_zip_55304,7391
3_zip_38111,7396
3_zip_27605,7398
3_zip_84102,7400
3_zip_85701,7403
3_zip_72202,7407
3_zip_17517,7409
3_zip_0956456,7413
3_zip_01054,7415
3_zip_94610,7419
3_zip_11105,7421
3_zip_47274,7424
3_zip_49686,7426
3_zip_99016,7430
3_zip_22306,7434
3_zip_48237,7436
3_zip_48306,7438
3_zip_73008,7440
3_zip_55011,7442
3_zip_48217,7445
3_zip_05346,7447
3_zip_69301,7449
3_zip_84037,7451
3_zip_94085,7456
3_zip_19473,7458
3_zip_90034,7461
3_zip_21532,7463
3_zip_60185,7465
3_zip_21013,7467
3_zip_17036,7469
3_zip_11963,7471
3_zip_03608,7474
3_zip_63332,7479
3_zip_97113,7481
3_zip_48371,7485
3_zip_11372,7487
3_zip_30324,7489
3_zip_07920,7492
3_zip_48042,7494
3_zip_97034,7502
3_zip_46240,7508
3_zip_55415,7510
3_zip_33619,7513
3_zip_10461,7515
3_zip_27403,7519
3_zip_53951,7522
3_zip_41042,7527
3_zip_61615,7530
3_zip_11717,7532
3_zip_55433,7534
3_zip_84062,7542
3_zip_92691,7544
3_zip_97219,7546
3_zip_45224,7548
3_zip_94309,7551
3_zip_98040,7555
3_zip_48302,7557
3_zip_19481,7569
3_zip_48094,7571
3_zip_80222,7574
3_zip_30041,7578
3_zip_94574,7583
3_zip_37076,7589
3_zip_84109,7593
3_zip_74012,7600
3_zip_91343,7603
3_zip_94705,7607
3_zip_08318,7609
3_zip_46038,7612
3_zip_05055,7614
3_zip_04473,7618
3_zip_06119,7620
3_zip_22101,7623
3_zip_50201,7627
3_zip_01746,7629
3_zip_44310,7631
3_zip_40505,7638
3_zip_56002,7640
3_zip_91765,7645
3_zip_18036,7648
3_zip_02035,7651
3_zip_02601,7653
3_zip_75115,7655
3_zip_92804,7658
3_zip_06804,7661
3_zip_24450,7663
3_zip_32250,7665
3_zip_03824,7667
3_zip_90245,7669
3_zip_02465,7673
3_zip_48310,7675
3_zip_03885,7677
3_zip_02816,7679
3_zip_90014-1718,7684
3_zip_01852,7686
3_zip_96707-1321,7688
3_zip_95828,7690
3_zip_98801,7692
3_zip_04102,7696
3_zip_52301,7700
3_zip_50312,7703
3_zip_19003,7706
3_zip_23608,7708
3_zip_32580,7710
3_zip_38134,7712
3_zip_63122,7716
3_zip_12740,7718
3_zip_06268,7720
3_zip_19087-3622,7722
3_zip_26201,7724
3_zip_23462,7727
3_zip_02474,7730
3_zip_03825,7733
3_zip_93060,7736
3_zip_03261,7740
3_zip_04259,7742
3_zip_06110,7744
3_zip_21042,7746
3_zip_03769,7753
3_zip_02571,7756
3_zip_04101,7759
3_zip_03801,7761
3_zip_07458,7764
3_zip_46227,7767
3_zip_46142,7769
3_zip_04011,7772
3_zip_04086,7775
3_zip_78212,7777
3_zip_22630,7782
3_zip_85331,7785
3_zip_10962,7793
3_zip_84067,7796
3_zip_19335,7798
3_zip_02809,7800
3_zip_30349,7803
3_zip_90031,7809
3_zip_20902,7813
3_zip_01773,7816
3_zip_25301,7818
3_zip_46077,7820
3_zip_04849,7823
3_zip_20912,7826
3_zip_91007,7828
3_zip_04210,7831
3_zip_46219,7835
3_zip_55411,7837
3_zip_17857,7846
3_zip_81321,7848
3_zip_03862,7850
3_zip_14450,7852
3_zip_04074,7854
3_zip_46254,7856
3_zip_63135,7860
3_zip_23062,7863
3_zip_04032,7865
3_zip_03840,7867
3_zip_54971,7872
3_zip_44555,7875
3_zip_44406,7877
3_zip_42025,7879
3_zip_03851,7882
3_zip_23434,7886
3_zip_50401,7889
3_zip_04309,7892
3_zip_63132,7896
3_zip_02130,7898
3_zip_04085,7900
3_zip_03820,7903
3_zip_04578,7905
3_zip_04108,7907
3_zip_03909,7910
3_zip_13760,7912
3_zip_70808,7914
3_zip_95030,7921
3_zip_23513,7927
3_zip_92509,7929
3_zip_63108,7933
3_zip_79928,7935
3_zip_48092,7939
3_zip_84103,7943
3_zip_16844,7945
3_zip_33626,7949
3_zip_11228,7951
3_zip_84057,7953
3_zip_95952,7955
3_zip_63121,7957
3_zip_60417,7959
3_zip_84041,7965
3_zip_970025,7969
3_zip_85054,7973
3_zip_27312,7975
3_zip_84107,7977
3_zip_84058,7979
3_zip_98121,7983
3_zip_99826,7985
3_zip_99801,7987
3_zip_55401,7989
3_zip_55616,7991
3_zip_63105,7995
3_zip_63033,7997
3_zip_63303,8000
3_zip_62958,8004
3_zip_63144,8006
3_zip_02108,8008
3_zip_44281,8013
3_zip_14568,8017
3_zip_92679,8028
3_zip_55804,8030
3_zip_46220,8037
3_zip_63123-1507,8042
3_zip_94526,8048
3_zip_95118,8051
3_zip_949702,8053
3_zip_90065,8056
3_zip_55423,8061
3_zip_63043,8065
3_zip_91791,8075
3_zip_54022,8078
3_zip_48433,8084
3_zip_92407,8086
3_zip_90402,8092
3_zip_92807,8094
3_zip_48827,8096
3_zip_65441,8100
3_zip_64154,8103
3_zip_26241,8106
3_zip_92672,8109
3_zip_89447,8111
3_zip_91104,8113
3_zip_90290,8115
3_zip_91001,8120
3_zip_14618,8123
3_zip_92584,8126
3_zip_05345,8128
3_zip_92404,8130
3_zip_70006,8133
3_zip_62901,8138
3_zip_19810,8140
3_zip_97068,8145
3_zip_60031,8148
3_zip_92145,8151
3_zip_23507,8153
3_zip_23452,8157
3_zip_11024,8161
3_zip_11771,8163
3_zip_02536,8165
3_zip_84111,8167
3_zip_20818,8169
3_zip_16673,8172
3_zip_84093,8174
3_zip_84121,8176
3_zip_22652,8178
3_zip_84109-2001,8180
3_zip_05070,8182
3_zip_65401,8184
3_zip_28715,8188
3_zip_23603,8190
3_zip_95062,8194
3_zip_93950,8199
3_zip_20132,8201
3_zip_19102,8209
3_zip_77027,8218
3_zip_18954,8222
3_zip_19047,8224
3_zip_67206,8226
3_zip_23508,8228
3_zip_19131,8231
3_zip_19380,8233
3_zip_193122042,8236
3_zip_90240,8239
3_zip_78222,8241
3_zip_19108,8243
3_zip_18977,8245
3_zip_19348,8247
3_zip_08081,8249
3_zip_19802,8252
3_zip_78006,8255
3_zip_22932,8259
3_zip_91608,8267
3_zip_34761,8270
3_zip_33149,8278
3_zip_77707,8280
3_zip_77565,8282
3_zip_65265,8288
3_zip_35205,8290
3_zip_44502,8296
3_zip_77565-2332,8299
3_zip_30662,8306
3_zip_60046,8309
3_zip_44509,8315
3_zip_30052,8319
3_zip_53216,8322
3_zip_91103,8325
3_zip_06114,8328
3_zip_53562,8331
3_zip_63141,8333
3_zip_05602,8336
3_zip_60423,8338
3_zip_45208,8340
3_zip_30005,8344
3_zip_85044,8348
3_zip_45202,8352
3_zip_44485,8355
3_zip_96555,8357
3_zip_20814,8368
3_zip_75001,8370
3_zip_35243,8373
3_zip_95376,8376
3_zip_02871,8378
3_zip_56342,8381
3_zip_02908,8383
3_zip_91302,8385
3_zip_40214,8391
3_zip_31211,8394
3_zip_07452,8396
3_zip_81291,8399
3_zip_89129,8402
3_zip_96734,8406
3_zip_11361,8409
3_zip_55120,8412
3_zip_64050,8415
3_zip_60173,8418
3_zip_92506,8421
3_zip_46268,8427
3_zip_07462,8430
3_zip_94104,8433
3_zip_14608,8436
3_zip_01095,8439
3_zip_64030,8442
3_zip_02838,8450
3_zip_32606,8452
3_zip_30269,8455
3_zip_58369,8458
3_zip_42718,8467
3_zip_20191,8469
3_zip_87571,8473
3_zip_91740,8480
3_zip_63138,8488
3_zip_55426,8490
3_zip_85203,8494
3_zip_27245,8504
3_zip_00693,8510
3_zip_02332,8512
3_zip_45504,8514
3_zip_85281,8519
3_zip_62025-8000,8524
3_zip_02457,8535
3_zip_02150,8539
3_zip_91773,8545
3_zip_30332,8549
3_zip_46140,8552
3_zip_75041,8555
3_zip_02725-1010,8557
3_zip_27609,8559
3_zip_60193,8561
3_zip_95032,8563
3_zip_85018,8565
3_zip_98177,8569
3_zip_80003,8571
3_zip_97424,8576
3_zip_77030,8581
3_zip_10625,8587
3_zip_43650,8590
3_zip_30673,8594
3_zip_90250,8597
3_zip_90045,8599
3_zip_20120,8602
3_zip_38018,8609
3_zip_84095,8615
3_zip_01125,8617
3_zip_07461,8620
3_zip_45056,8626
3_zip_01905,8629
3_zip_78130,8631
3_zip_10471,8635
3_zip_13224,8638
3_zip_60451,8641
3_zip_71301,8643
3_zip_12553,8645
3_zip_30010,8647
3_zip_20003,8649
3_zip_30102,8651
3_zip_59801,8653
3_zip_30068,8655
3_zip_49504,8658
3_zip_11230-1710,8661
3_zip_60091,8663
3_zip_21212,8665
3_zip_07652,8670
3_zip_01801,8673
3_zip_19030,8675
3_zip_53589,8677
3_zip_60714,8683
3_zip_80012,8685
3_zip_95821,8688
3_zip_28412,8691
3_zip_19026,8695
3_zip_02557,8700
3_zip_60048,8704
3_zip_95762,8708
3_zip_63110,8710
3_zip_55449,8713
3_zip_43223,8715
3_zip_01702,8720
3_zip_30305,8725
3_zip_10001,8727
3_zip_32312,8730
3_zip_89103,8737
3_zip_20171,8745
3_zip_20003-2712,8747
3_zip_27909,8750
3_zip_20120-6354,8752
3_zip_02766,8758
3_zip_50014,8760
3_zip_21742,8766
3_zip_08544,8768
3_zip_17821,8770
3_zip_91125,8773
3_zip_80907,8776
3_zip_96797,8780
3_zip_85287-2702,8792
3_zip_44325,8796
3_zip_191004,8800
3_zip_91768,8804
3_zip_76501,8806
3_zip_98257,8809
3_zip_33167,8813
3_zip_18901,8815
3_zip_55311,8821
3_zip_70803,8824
3_zip_45840,8826
3_zip_05273,8828
3_zip_09056,8831
3_zip_27408,8833
3_zip_67204,8838
3_zip_93924,8844
3_zip_98072,8849
3_zip_26301,8851
3_zip_76034,8855
3_zip_29425,8860
3_zip_33701,8865
3_zip_77706,8868
3_zip_98036,8870
3_zip_74075,8872
3_zip_54650,8874
3_zip_11753,8876
3_zip_02114,8879
3_zip_49841,8883
3_zip_07307,8887
3_zip_19808,8892
3_zip_55369,8894
3_zip_12970,8896
3_zip_02109,8898
3_zip_50011,8903
3_zip_22041,8909
3_zip_12833-2000,8923
3_zip_02461,8927
3_zip_63117,8929
3_zip_21046,8932
3_zip_11209,8934
3_zip_78722,8936
3_zip_30602,8938
3_zip_54880,8940
3_zip_04015,8942
3_zip_98622,8945
3_zip_12833,8947
3_zip_07028,8949
3_zip_08840,8951
3_zip_22310,8955
3_zip_01775,8959
3_zip_01760,8963
3_zip_01944,8970
3_zip_78628,8972
3_zip_98262,8974
3_zip_62025,8981
3_zip_78765,8983
3_zip_48473,8985
3_zip_73013,8987
3_zip_96744,8992
3_zip_77054,9002
3_zip_03755,9004
3_zip_03255,9010
3_zip_48363,9014
3_zip_10461-1301,9016
3_zip_41030,9020
3_zip_02146,9024
3_zip_33020,9033
3_zip_23455-4959,9037
3_zip_84119,9045
3_zip_66013,9048
3_zip_29615,9050
3_zip_21221,9054
3_zip_14068,9063
3_zip_47714,9072
3_zip_03756,9078
3_zip_03766,9080
3_zip_21773,9083
3_zip_92843,9092
3_zip_09824,9094
3_zip_19342,9102
3_zip_93555,9105
3_zip_55442,9112
3_zip_92155,9118
3_zip_14167,9122
3_zip_78744,9127
3_zip_05667,9130
3_zip_29642,9132
3_zip_77098,9139
3_zip_80231,9146
3_zip_16365,9149
3_zip_89123,9151
3_zip_55459,9161
3_zip_56137,9164
3_zip_80916,9180
3_zip_01597,9185
3_zip_01940,9190
3_zip_37206,9192
3_zip_70119,9201
3_zip_33028,9203
3_zip_18052,9211
3_zip_78223,9217
3_zip_78209,9219
3_zip_78240,9222
3_zip_78253,9224
3_zip_44260,9232
3_zip_83301,9236
3_zip_79411,9239
3_zip_78204,9241
3_zip_02464,9243
3_zip_13903,9250
3_zip_33135,9252
3_zip_19462,9254
3_zip_89117,9259
3_zip_91428,9261
3_zip_76120,9264
3_zip_89511,9266
3_zip_28043,9268
3_zip_91306,9272
3_zip_61265,9278
3_zip_30066,9283
3_zip_20057,9292
3_zip_96930,9294
3_zip_64114,9298
3_zip_06033,9300
3_zip_77008,9302
3_zip_10920,9305
3_zip_70748,9308
3_zip_43026,9310
3_zip_02152,9313
3_zip_60628,9317
3_zip_954025,9322
3_zip_91330,9328
3_zip_58102,9335
3_zip_48230,9337
3_zip_15146,9343
3_zip_94561,9345
3_zip_90035-4444,9349
3_zip_65712,9351
3_zip_14760,9354
3_zip_33607,9356
3_zip_98227,9361
3_zip_77075,9363
3_zip_35115,9365
3_zip_35401,9369
3_zip_01867,9374
3_zip_35229,9378
3_zip_12124,9382
3_zip_19713,9385
3_zip_78231,9388
3_zip_70802,9391
3_zip_70460,9398
3_zip_80221,9401
3_zip_73069-5429,9407
3_zip_54701,9414
3_zip_32303,9416
3_zip_26542,9419
3_zip_42503,9424
3_zip_01776,9426
3_zip_29208,9429
3_zip_78705-5221,9432
3_zip_50010,9441
3_zip_32501,9443
3_zip_87114,9446
3_zip_30075,9451
3_zip_43231,9454
3_zip_28401,9457
3_zip_01036,9460
3_zip_80537,9462
3_zip_60540,9465
3_zip_79606,9467
3_zip_32301,9471
3_zip_80634,9473
3_zip_37209,9476
3_zip_48906,9479
3_zip_43213,9485
3_zip_11210,9489
3_zip_32618,9494
3_zip_45123,9496
3_zip_78734,9501
3_zip_76006,9504
3_zip_14706,9506
3_genre_Animation,9510
3_genre_Children's,9511
3_genre_Comedy,9512
3_genre_Adventure,9514
3_genre_Fantasy,9515
3_genre_Romance,9517
3_genre_Drama,9519
3_genre_Action,9522
3_genre_Crime,9523
3_genre_Thriller,9524
3_genre_Horror,9531
3_genre_Sci-Fi,9544
3_genre_Documentary,9558
3_genre_War,9563
3_genre_Musical,9571
3_genre_Mystery,9583
3_genre_Film-Noir,9688
3_genre_Western,9735
